Artist,Artwork Title,Artwork Date,Material,Artwork Location,Location Street Address,Location City,Location State,Location Zip Code,Location Latitude ,Location Longitude,Web Page,Location
James  Tisdale,Squirrley,01/01/2008 12:00:00 AM,Terracotta,City Hall and Public Plaza,301 W Second St,Austin,TX,78701,30.265,-97.74651,,"(30.265, -97.74651)"
Will  Larson,¡ Mira !,01/01/2000 12:00:00 AM,"Copper, Aluminum, Neon","Lorraine ""Grandma"" Camacho Activity Center",34 Robert Martinez Jr St,Austin,TX,78702,30.185228,-97.732321,http://www.publicartarchive.org/work/%C2%A1mira,"(30.185228, -97.732321)"
"Holli  Brown,  Pascal  Simon",A Day in the Park,06/29/2013 12:00:00 AM,"Handmade Ceramic Tiles, Glass Tiles",Shipe Neighborhood Park,4400 Ave G,Austin,TX,78751,30.307424,-97.727335,http://www.publicartarchive.org/work/day-park,"(30.307424, -97.727335)"
Courtney  Enriquez,A Dream,01/01/1998 12:00:00 AM,Acrylic Paint,Dove Springs Recreation Center,5801 Ainez Dr,Austin,TX,78744,30.187861,-97.739403,http://www.publicartarchive.org/work/dream-1,"(30.187861, -97.739403)"
Freddie  McCoo,A River Runs Thru Us,10/20/2004 12:00:00 AM,Acrylic On Panel,George Washington Carver Branch Library,1161 Angelina St,Austin,TX,78702,30.26954,-97.724074,http://www.publicartarchive.org/work/river-runs-thru-us,"(30.26954, -97.724074)"
Sten Lex,Accordion 16,08/01/2016 12:00:00 AM,Exterior Latex On Concrete,Seaholm Retaining Wall,211 Walter Seaholm Dr,Austin,TX,78701,30.266835,-97.753227,,"(30.266835, -97.753227)"
Pat  Oliphant,Angelina Eberly,01/01/2004 12:00:00 AM,"Bronze, Granite",Congress Avenue Streetscape,612 Congress Ave,Austin,TX,78701,30.268631,-97.742723,http://www.publicartarchive.org/work/angelina-eberly,"(30.268631, -97.742723)"
Judd Graham,Array #1,01/01/2017 12:00:00 AM,Mild Steel,Second Street Bridge and Extension,W 2nd Street Extension,Austin,TX,78701,30.266444,-97.751882,,"(30.266444, -97.751882)"
"LaMa Ventures: Philip Lamb, Susan Magilow  ",Aquifer,06/06/2014 12:00:00 AM,"Glass, Limestone, Aluminum",Second Street District,W Second St,Austin,TX,78701,30.263735,-97.741876,http://www.publicartarchive.org/work/aquifer-0,"(30.263735, -97.741876)"
Colin  McIntyre,Arboreal Passage,12/13/2011 12:00:00 AM,"Steel, Bronze, Copper, Limestone, Wood",Austin Nature and Science Center,301 Nature Center Dr,Austin,TX,78746,30.272191,-97.773401,http://www.publicartarchive.org/work/arboreal-passage,"(30.272191, -97.773401)"
"Emily  Little,  Shea  Little, Jana Swec, Steve Wiman",ARFF! Tré Arenz Memorial,01/01/2006 12:00:00 AM,"Ceramic Tiles, Rocks, Cement, Paint",Butler Hike and Bike Trail at Lady Bird Lake,621 W Cesar Chavez,Austin,TX,78701,30.264662,-97.750122,http://www.publicartarchive.org/work/arff-arenz-memorial,"(30.264662, -97.750122)"
Judd Graham,Array #2,01/01/2017 12:00:00 AM,Mild Steel,Second Street Bridge and Extension,W 2nd Street Extension,Austin,TX,78701,30.266432,-97.751859,,"(30.266432, -97.751859)"
Judd Graham,Array #3,01/01/2017 12:00:00 AM,Mild Steel,Second Street Bridge and Extension,W 2nd Street Extension,Austin,TX,78701,30.266426,-97.751833,,"(30.266426, -97.751833)"
Judd Graham,Array #4,01/01/2017 12:00:00 AM,Mild Steel,Second Street Bridge and Extension,W 2nd Street Extension,Austin,TX,78701,30.266293,-97.751694,,"(30.266293, -97.751694)"
Judd Graham,Array #5,01/01/2017 12:00:00 AM,Mild Steel,Second Street Bridge and Extension,W 2nd Street Extension,Austin,TX,78701,30.266288,-97.751668,,"(30.266288, -97.751668)"
Judd Graham,Array #6,01/01/2017 12:00:00 AM,Mild Steel,Second Street Bridge and Extension,W 2nd Street Extension,Austin,TX,78701,30.266384,-97.751343,,"(30.266384, -97.751343)"
Judd Graham,Array #7,01/01/2017 12:00:00 AM,Mild Steel,Second Street Bridge and Extension,W 2nd Street Extension,Austin,TX,78701,30.266364,-97.751308,,"(30.266364, -97.751308)"
Judd Graham,Array #8,01/01/2017 12:00:00 AM,Mild Steel,Second Street Bridge and Extension,W 2nd Street Extension,Austin,TX,78701,30.266444,-97.751182,,"(30.266444, -97.751182)"
Judd Graham,Array #9,01/01/2017 12:00:00 AM,Mild Steel,Second Street Bridge and Extension,W 2nd Street Extension,Austin,TX,78701,30.266346,-97.751239,,"(30.266346, -97.751239)"
"Sandra  Fiedorek,  David  Heymann",56- (Fifty-six Inches),03/01/1996 12:00:00 AM,Mixed Media,Howson Branch Library,2500 Exposition Blvd,Austin,TX,78703,30.298241,-97.767602,http://www.publicartarchive.org/work/56-fiftysix-inches,"(30.298241, -97.767602)"
Elizabeth  Busch,Aurora,01/01/1988 12:00:00 AM,Fiber Wall Hanging,Conley-Guerrero Senior Activity Center,808 Nile St,Austin,TX,78702,30.265621,-97.711117,http://www.publicartarchive.org/work/aurora-3,"(30.265621, -97.711117)"
Hugo  Villa,Memorial to the Great Builders of Texas,01/01/1938 12:00:00 AM,"Bronze, Granite, Concrete",ROW at 11th and Colorado,11th St and Colorado St,Austin,TX,78701,30.274459,-97.742727,,"(30.274459, -97.742727)"
Young-Min Kang,Austin  Downtown Cruiser (Day),12/30/2009 12:00:00 AM,Laminated Digital Prints Adhered To Shaped Aluminum Composite Panels Attached To Wooden Framework,Austin Bergstrom International Airport,3600 Presidential Blvd,Austin,TX,78719,30.2021,-97.66808,http://www.publicartarchive.org/work/austin-downtown-cruiser-day-and-austin,"(30.2021, -97.66808)"
Benge  Elliott,Three Sheep,01/01/2003 12:00:00 AM,Steel,City Hall and Public Plaza,301 W Second St,Austin,TX,78701,30.26466,-97.7475,,"(30.26466, -97.7475)"
Young-Min Kang,Austin Downtown Cruiser (Night),12/30/2009 12:00:00 AM,"Digital Prints On Shaped Aluminum Composite, Steel, Wood",Austin Bergstrom International Airport,3600 Presidential Blvd,Austin,TX,78719,30.20207,-97.66554,http://www.publicartarchive.org/work/austin-downtown-cruiser-day-and-austin,"(30.20207, -97.66554)"
Debra  Prather Samples,Austin Music Flows,01/01/2006 12:00:00 AM,Mixed Media Collage And Paint On Fiberglass,Austin Bergstrom International Airport,3600 Presidential Blvd,Austin,TX,78719,30.20208,-97.66698,http://www.publicartarchive.org/work/gibson-guitars,"(30.20208, -97.66698)"
Twyla  Arthur,Autumn Ponds,01/01/2002 12:00:00 AM,Stone Tiles,Palmer Events Center,900 Barton Springs Rd,Austin,TX,78704,30.260197,-97.753346,http://www.publicartarchive.org/work/autumn-ponds,"(30.260197, -97.753346)"
Laura  Garanzuay,Flow,05/15/2015 12:00:00 AM,Stainless Steel Hardware,Second Street District,W Second St,Austin,TX,78701,30.2654,-97.747762,,"(30.2654, -97.747762)"
Nan  Standish Blake,Backyard Boat,01/01/2003 12:00:00 AM,Giclée Print On Fujicolor Crystal Archive Paper,Health and Human Services Betty Dunkerley Campus,7201 Levander Loop,Austin,TX,78702,30.253828,-97.689018,http://www.publicartarchive.org/work/backyard-boat,"(30.253828, -97.689018)"
Matthew  Fuller,Beach Dogs,01/01/1996 12:00:00 AM,Selenium-toned Silver Gelatin Print,Health and Human Services Betty Dunkerley Campus,7201 Levander Loop,Austin,TX,78702,30.253828,-97.689018,http://www.publicartarchive.org/work/beach-dogs,"(30.253828, -97.689018)"
Ken  Little,Belting It Out,06/01/2014 12:00:00 AM,Bronze,Town Lake Boardwalk Trail,Town Lake Boardwalk Trail,Austin,TX,78702,30.248412,-97.732405,http://www.publicartarchive.org/work/belting-it-out,"(30.248412, -97.732405)"
David  Santos,Big Arch,01/01/1992 12:00:00 AM,Carved Limestone And Forged Iron Sculpture,Holly Street Power Plant,2400 Holly St,Austin,TX,78702,30.249858,-97.721747,http://www.publicartarchive.org/work/big-arch,"(30.249858, -97.721747)"
Ann  Adams,Big Chiller Blues,01/01/2005 12:00:00 AM,Glass Tiles,Austin Convention Center Parking Garage,601 E Fifth St,Austin,TX,78701,30.265147,-97.736676,http://www.publicartarchive.org/work/big-chiller-blues-0,"(30.265147, -97.736676)"
"Elena  Eidelberg,  Kathleen  Ash",Big Snake,01/01/1997 12:00:00 AM,Handmade Shaped Ceramic & Sandblasted Glass,Austin Nature and Science Center,301 Nature Center Dr,Austin,TX,78746,30.271908,-97.774026,http://www.publicartarchive.org/work/big-snake,"(30.271908, -97.774026)"
Caprice  Pierucci,Birch Cascade,01/01/2009 12:00:00 AM,"Birch, Pine",City Hall and Public Plaza,301 W Second St,Austin,TX,78701,30.2649,-97.74681,,"(30.2649, -97.74681)"
Stephanie  Strange,Black Well,04/01/2010 12:00:00 AM,"Mild Steel, Typewriter Keys",Twin Oaks Branch Library,1800 S Fifth Street,Austin,TX,78704,30.248697,-97.762381,http://www.publicartarchive.org/work/black-well,"(30.248697, -97.762381)"
Kincannon Studios,Blackbird,01/01/2017 12:00:00 AM,"Texas Limestone, Black Mineral Finish, Bronze",Republic Square Park,422 Guadalupe St,Austin,TX,78701,30.268006,-97.747203,,"(30.268006, -97.747203)"
Jerry  Defrese,Blackland,01/01/1983 12:00:00 AM,Galvanized Steel,George Washington Carver Museum and Cultural Center,1165 Angelina St,Austin,TX,78702,30.269968,-97.723711,http://www.publicartarchive.org/work/blackland,"(30.269968, -97.723711)"
Casey D. Cooper,Blue Gate,06/01/2014 12:00:00 AM,Painted Stainless Steel,Bartholomew Municipal Pool,1800 E 51st St,Austin,TX,78723,30.302685,-97.697185,http://www.publicartarchive.org/work/blue-gate,"(30.302685, -97.697185)"
Armando (Tanner)  Martinez,Me Barrio,01/01/1991 12:00:00 AM,Acrylic Paint,Holly Street Power Plant,2400 Holly St,Austin,TX,78702,30.250904,-97.718662,,"(30.250904, -97.718662)"
Virginia  Fleck,Bounce,01/01/2013 12:00:00 AM,"Archival Digital Prints, Plexiglas",Cultural Arts Division Offices,201 E 2nd St,Austin,TX,78701,30.26395,-97.74311,http://www.publicartarchive.org/work/bounce,"(30.26395, -97.74311)"
Virginia  Fleck,Bounce,07/27/2015 12:00:00 AM,"Archival Digital Prints, Plexiglas",Pickfair Community Center,10904 Pickfair Dr,Austin,TX,78750,30.43934,-97.810998,http://www.publicartarchive.org/work/bounce,"(30.43934, -97.810998)"
Sodalitas Art Group,Brazos Sound Project #1,08/19/2016 12:00:00 AM,Powder Coated Steel With Electronic Audio Components,Brazos Street Streetscape,"Brazos Street and Cesar Chavez, west side",Austin,TX,78701,30.26325,-97.74318,,"(30.26325, -97.74318)"
Sodalitas Art Group,Brazos Sound Project #10,08/19/2016 12:00:00 AM,Powder Coated Steel With Electronic Audio Components,Brazos Street Streetscape,"Brazos south of 4th Street, east side",Austin,TX,78701,30.26547,-97.74221,,"(30.26547, -97.74221)"
Sodalitas Art Group,Brazos Sound Project #11,08/19/2016 12:00:00 AM,Powder Coated Steel With Electronic Audio Components,Brazos Street Streetscape,"Brazos between 3rd and 4th Street, east side",Austin,TX,78701,30.2653,-97.74263,,"(30.2653, -97.74263)"
Sodalitas Art Group,Brazos Sound Project #12,08/19/2016 12:00:00 AM,Powder Coated Steel With Electronic Audio Components,Brazos Street Streetscape,"Brazos north of 2nd Street, east side",Austin,TX,78701,30.26474,-97.74285,,"(30.26474, -97.74285)"
Sodalitas Art Group,Brazos Sound Project #13,08/19/2016 12:00:00 AM,Powder Coated Steel With Electronic Audio Components,Brazos Street Streetscape,"Brazos south of 2nd Street, east side",Austin,TX,78701,30.2643,-97.74298,,"(30.2643, -97.74298)"
Sodalitas Art Group,Brazos Sound Project #2,08/19/2016 12:00:00 AM,Powder Coated Steel With Electronic Audio Components,Brazos Street Streetscape,"Brazos south of 2nd Street, west side",Austin,TX,78701,30.26424,-97.74303,,"(30.26424, -97.74303)"
Sodalitas Art Group,Brazos Sound Project #3,08/19/2016 12:00:00 AM,Powder Coated Steel With Electronic Audio Components,Brazos Street Streetscape,"Brazos and 3rd Street, west side",Austin,TX,78701,30.264566,-97.742764,,"(30.264566, -97.742764)"
Sodalitas Art Group,Brazos Sound Project #4,08/19/2016 12:00:00 AM,Powder Coated Steel With Electronic Audio Components,Brazos Street Streetscape,"Brazos south of 4th Street, west side",Austin,TX,78701,30.264063,-97.742608,,"(30.264063, -97.742608)"
Sodalitas Art Group,Brazos Sound Project #5,08/19/2016 12:00:00 AM,Powder Coated Steel With Electronic Audio Components,Brazos Street Streetscape,"Brazos south of 5th Street (at the Onion), west side",Austin,TX,78701,30.266468,-97.74144,,"(30.266468, -97.74144)"
Sodalitas Art Group,Brazos Sound Project #6,08/19/2016 12:00:00 AM,Powder Coated Steel With Electronic Audio Components,Brazos Street Streetscape,"Brazos south of 7th Street, west side",Austin,TX,78701,30.267078,-97.741726,,"(30.267078, -97.741726)"
Sodalitas Art Group,Brazos Sound Project #7,08/19/2016 12:00:00 AM,Powder Coated Steel With Electronic Audio Components,Brazos Street Streetscape,"Brazos centered between 6th and 7th Streets, east side",Austin,TX,78701,30.26827,-97.74119,,"(30.26827, -97.74119)"
Sodalitas Art Group,Brazos Sound Project #8,08/19/2016 12:00:00 AM,Powder Coated Steel With Electronic Audio Components,Brazos Street Streetscape,"Brazos near 5th Street, east side",Austin,TX,78701,30.264526,-97.742638,,"(30.264526, -97.742638)"
Sodalitas Art Group,Brazos Sound Project #9,08/19/2016 12:00:00 AM,Powder Coated Steel With Electronic Audio Components,Brazos Street Streetscape,"Brazos centered between 4th and 5th Streets, east side",Austin,TX,78701,30.26624,-97.742041,,"(30.26624, -97.742041)"
Roy  Mata,Buba at Barton Springs,01/01/2003 12:00:00 AM,Photographic C-print,City Hall and Public Plaza,301 W Second St,Austin,TX,78701,30.2649,-97.74681,,"(30.2649, -97.74681)"
Ryan Montgomery,Buttermilk Pie,01/01/2016 12:00:00 AM,Oil On Canvas,City Hall and Public Plaza,301 W Second St,Austin,TX,78701,30.26475,-97.74729,,"(30.26475, -97.74729)"
Susan  Wallace,Cardinal Points: North-South-East-West,01/01/2011 12:00:00 AM,Powder Coated Aluminum And Stainless Steel,E. Seventh Street Obelisco at Webberville Rd,E 7th and Webberville Rd,Austin,TX,78702,30.261434,-97.717204,http://www.publicartarchive.org/work/cardinal-points-northeastsouthwest-pun,"(30.261434, -97.717204)"
Claudia Goldman,Cattails and Coneflower,01/01/2005 12:00:00 AM,Weathered Steel,Zilker Botanical Gardens,2220 Barton Springs Rd,Austin,TX,78746,30.26899,-97.77281,http://www.publicartarchive.org/work/cattails-and-coneflower-0,"(30.26899, -97.77281)"
Christian  Moeller,CAW,01/01/2016 12:00:00 AM,"Aluminum Honeycomb Composite Construction, Finished With A Sprayed Catalyzed Urethane Paint System",Central Library,710 W Cesar Chavez St.,Austin,TX,78701,30.26584,-97.750235,,"(30.26584, -97.750235)"
Twyla  Arthur,Celebrating Traditions,01/01/2002 12:00:00 AM,"Ceramic Tile, Metal, Rocks",Springdale Park,1175 Nickols Ave,Austin,TX,78721,30.277456,-97.684222,http://www.publicartarchive.org/work/celebrating-traditions,"(30.277456, -97.684222)"
"Jill  Bedgood,  Steve  Wiman",Community Quilt,01/01/1995 12:00:00 AM,Broken China And Tile Mosaics,South Austin Senior Activity Center,3911 Manchaca Rd,Austin,TX,78704,30.233339,-97.784596,http://www.publicartarchive.org/work/community-quilt,"(30.233339, -97.784596)"
Jill  Bedgood,Community Screen: Charms,01/01/2012 12:00:00 AM,"Aluminum, Stainless Steel, Paint",Northwest Recreation Center,2913 Northland Dr,Austin,TX,78756,30.333817,-97.751796,http://www.publicartarchive.org/work/community-screen-charms,"(30.333817, -97.751796)"
Ben  Livingston,Confabulating Orbits,01/01/1996 12:00:00 AM,Neon And Copper,Austin Convention Center,500 E Cesar Chavez St,Austin,TX,78701,30.262721,-97.740769,http://www.publicartarchive.org/work/confabulating-orbits,"(30.262721, -97.740769)"
Nan  Standish Blake,Connected,01/01/2003 12:00:00 AM,Giclée Print On Fujicolor Crystal Archive Paper,Health and Human Services Betty Dunkerley Campus,7201 Levander Loop,Austin,TX,78702,30.253828,-97.689018,http://www.publicartarchive.org/work/connected,"(30.253828, -97.689018)"
"Sadi  Brewton,  Jonathan  Davies",Cow River,12/09/2014 12:00:00 AM,"Solar Lights (19) Inscribed With Town Names, Saw Cut Lines In Existing Concrete",Second Street District,310 W 2nd St,Austin,TX,78701,30.265093,-97.746704,,"(30.265093, -97.746704)"
Martha  Gannon,Deuce Gates,10/01/2008 12:00:00 AM,Galvanized Steel Gates And Adjacent Fence Panels At Entrance Of Austin Tennis Center,Austin Tennis Center,7800 Johnny Morris Rd,Austin,TX,78724,30.312298,-97.638658,http://www.publicartarchive.org/work/deuce-gates,"(30.312298, -97.638658)"
Werllayne Nunes,Creativity and Culture: A Celebration / Creatividad y Cultura: Una Celebración,06/01/2014 12:00:00 AM,"Mineral Paint On Cement Board, Mounted To Steel Frame",E. Seventh Street Obelisco at Northwestern,E 7th St at Northwestern,Austin,TX,78702,30.261069,-97.714808,http://www.publicartarchive.org/work/creativity-and-culture-celebration-cre,"(30.261069, -97.714808)"
"Mery Godigna Collet,  Luis R. Gutierrez",Crosswalk on the Lake,07/21/2016 12:00:00 AM,Median Street And Traffic Paint,Transportation Department,3701 Lake Austin Blvd,Austin,TX,78703,30.29417,-97.78246,,"(30.29417, -97.78246)"
Sharon  Engelstein,"Crullers (Big Mama Baby - comprised of Big Mama Baby, Little Mama and Tall Solo)",04/04/2016 12:00:00 AM,Pigmented Glass Fiber Reinforced Concrete Over Structural Foam And Steel Armature,Second Street Bridge and Extension,708-1/2 W 2nd St.,Austin,TX,78701,30.266464,-97.75155,,"(30.266464, -97.75155)"
Sharon  Engelstein,"Crullers (Little Mama - comprised of Big Mama Baby, Little Mama and Tall Solo)",04/04/2016 12:00:00 AM,Pigmented Glass Fiber Reinforced Concrete Over Structural Foam And Steel Armature,Second Street Bridge and Extension,708-1/2 W 2nd St.,Austin,TX,78701,30.26645,-97.751605,,"(30.26645, -97.751605)"
Sharon  Engelstein,"Crullers (Tall Solo - comprised of Big Mama Baby, Little Mama and Tall Solo)",04/04/2016 12:00:00 AM,Pigmented Glass Fiber Reinforced Concrete Over Structural Foam And Steel Armature,Second Street Bridge and Extension,215 West Ave.,Austin,TX,78701,30.267292,-97.751659,,"(30.267292, -97.751659)"
Jack L. Schuller,Crumley's Market,01/01/1992 12:00:00 AM,Acrylic On Canvas,City Hall and Public Plaza,301 W Second St,Austin,TX,78701,30.26479,-97.74729,http://www.publicartarchive.org/work/crumleys-market,"(30.26479, -97.74729)"
"Dharmesh  Patel,  Autumn J.  Ewalt",Crystalline #1,10/10/2013 12:00:00 AM,Stainless Steel,Colorado Streetscape,Colorado Street,Austin,TX,78701,30.266031,-97.745115,http://www.publicartarchive.org/work/crystalline,"(30.266031, -97.745115)"
"Dharmesh  Patel,  Autumn J.  Ewalt",Crystalline #2,10/10/2013 12:00:00 AM,Stainless Steel,Colorado Streetscape,Colorado Street,Austin,TX,78701,30.266748,-97.744676,http://www.publicartarchive.org/work/crystalline,"(30.266748, -97.744676)"
"Dharmesh  Patel,  Autumn J.  Ewalt",Crystalline #3,10/10/2013 12:00:00 AM,Stainless Steel,Colorado Streetscape,Colorado Street,Austin,TX,78701,30.268244,-97.744283,http://www.publicartarchive.org/work/crystalline,"(30.268244, -97.744283)"
"Dharmesh  Patel,  Autumn J.  Ewalt",Crystalline #4,10/10/2013 12:00:00 AM,Stainless Steel,Colorado Streetscape,Colorado Street,Austin,TX,78701,30.26876,-97.744173,http://www.publicartarchive.org/work/crystalline,"(30.26876, -97.744173)"
"Dharmesh  Patel,  Autumn J.  Ewalt",Crystalline #5,01/01/2017 12:00:00 AM,Stainless Steel,Colorado Streetscape,Colorado Street and Cesar Chavez Street,Austin,TX,78701,30.264017,-97.745695,http://www.publicartarchive.org/work/crystalline,"(30.264017, -97.745695)"
"Dharmesh  Patel,  Autumn J.  Ewalt",Crystalline #6,01/01/2017 12:00:00 AM,Stainless Steel,Colorado Streetscape,Colorado Street and 2nd Street,Austin,TX,78701,30.264939,-97.745523,http://www.publicartarchive.org/work/crystalline,"(30.264939, -97.745523)"
"Dharmesh  Patel,  Autumn J.  Ewalt",Crystalline #7,01/01/2017 12:00:00 AM,Stainless Steel,Colorado Streetscape,Colorado Street and 7th Street,Austin,TX,78701,30.269495,-97.743657,http://www.publicartarchive.org/work/crystalline,"(30.269495, -97.743657)"
"Dharmesh  Patel,  Autumn J.  Ewalt",Crystalline #8,01/01/2017 12:00:00 AM,Stainless Steel,Colorado Streetscape,Colorado Street and 8th Street,Austin,TX,78701,30.270443,-97.74346,http://www.publicartarchive.org/work/crystalline,"(30.270443, -97.74346)"
Jill  Bedgood,Currency,06/19/2014 12:00:00 AM,Bronze,Second Street District,W Second St,Austin,TX,78701,30.263715,-97.741873,http://www.publicartarchive.org/work/currency,"(30.263715, -97.741873)"
"Andrew Bellatti Green,  Adam  Pyrek",Cyclical Interplay,06/16/2014 12:00:00 AM,"Waterjet Cut Steel, Cast Concrete, Telemetry Components, Gears",Vic Mathias Shores,800 W Riverside Dr,Austin,TX,78704,30.260664,-97.749049,http://www.publicartarchive.org/work/cyclical-interplay,"(30.260664, -97.749049)"
Stanley Studio  ,Cypress Grove,02/02/2015 12:00:00 AM,"Stainless Steel, Concrete, Limestone, Drinking Fountain",Second Street District,W Second St,Austin,TX,78701,30.264309,-97.743987,,"(30.264309, -97.743987)"
Jennifer  Chenoweth,Dance of the Cosmos,01/01/2015 12:00:00 AM,"Concrete, Steel, Actuator, Solar Electrical Components",Patterson Park,4200 Brookview Rd,Austin,TX,78722,30.294774,-97.708601,,"(30.294774, -97.708601)"
Rene  Anguiano,Dawn to Dusk,01/01/1998 12:00:00 AM,14 Acrylic Paintings,Cepeda Branch Library,651 N Pleasant Valley Rd,Austin,TX,78702,30.259081,-97.708902,http://www.publicartarchive.org/work/dawn-dusk,"(30.259081, -97.708902)"
"Wanda  Montemayor,  Lisa Kay  Orr",Deep Eddy Mural Project,01/01/2011 12:00:00 AM,"Handmade Ceramic Tiles, Glass Tiles",Deep Eddy Pool,401 Deep Eddy Dr,Austin,TX,78703,30.277201,-97.772897,http://www.publicartarchive.org/work/deep-eddy-mural-project,"(30.277201, -97.772897)"
Will  Larson,Discovery,01/01/2002 12:00:00 AM,Metal And Limestone,Ruiz Branch Library,1600 Grove Blvd,Austin,TX,78702,30.229862,-97.707011,http://www.publicartarchive.org/work/discovery-0,"(30.229862, -97.707011)"
"Sandra  Fiedorek,  David  Heymann",Doctor Pangloss,01/01/1999 12:00:00 AM,20 Metal Trash Receptacles,Household Hazardous Waste Facility,3810 Todd Ln,Austin,TX,78744,30.213491,-97.737668,http://www.publicartarchive.org/work/doctor-pangloss,"(30.213491, -97.737668)"
Unknown Artist,Don Vito Alessio Robles,01/01/2000 12:00:00 AM,"Cast Bronze, Metal, Tile",Plaza Saltillo,408 Comal St,Austin,TX,78702,30.261929,-97.727242,http://www.publicartarchive.org/work/don-vito-alessio-robles,"(30.261929, -97.727242)"
Pio  Pulido,Dove and the Leaves of Healing,01/01/1996 12:00:00 AM,"Fiberglass, Concrete",EMS Station 4,1201 Webberville Rd,Austin,TX,78721,30.27809,-97.684298,http://www.publicartarchive.org/work/dove-and-leaves-healing,"(30.27809, -97.684298)"
Elisabet  Ney,Dr. David Thomas Iglehart,01/01/1903 12:00:00 AM,"Bronze, Limestone",Symphony Square,1101 Red River St,Austin,TX,78701,30.271352,-97.734996,http://www.publicartarchive.org/work/dr-david-thomas-iglehart,"(30.271352, -97.734996)"
David  Deming,Eagle ll,01/01/1976 12:00:00 AM,Weathered Steel,Faulk Central Library,800 Guadalupe St,Austin,TX,78701,30.271302,-97.746017,http://www.publicartarchive.org/work/eagle-ll,"(30.271302, -97.746017)"
Martin  Garcia,East Side Compass,01/01/2011 12:00:00 AM,"Cast Concrete, Stain",E. Seventh Street Obelisco at Pleasant Valley Rd.,E 7th and Pleasant Valley Rd,Austin,TX,78702,30.26007,-97.709473,http://www.publicartarchive.org/work/east-side-compass-compas-del-este-de-a,"(30.26007, -97.709473)"
Connie  Arismendi,El futuro es una página en blanco. Qué escribirás en ella?,01/01/2005 12:00:00 AM,Aquajet Cut Aluminum,Terrazas Branch Library,1105 E Cesar Chavez St,Austin,TX,78702,30.260012,-97.733324,http://www.publicartarchive.org/work/el-futuro-es-una-p%C3%A1gina-en-blanco,"(30.260012, -97.733324)"
"Murray Legge, Deborah Lewis, Andrea Legge  ",Elevated Prairie,01/01/2004 12:00:00 AM,"Steel Planters, Fountain, Earth Berms, And Native Landscaping",Central East Austin Police Substation,812 Springdale Rd,Austin,TX,78702,30.259173,-97.699814,http://www.publicartarchive.org/work/elevated-prairie,"(30.259173, -97.699814)"
Brad J. Goldberg,Every Place A History,10/26/2011 12:00:00 AM,"Red Granite, Texas Limestone",Health and Human Services Betty Dunkerley Campus,7201 Levander Loop,Austin,TX,78702,30.251847,-97.690501,http://www.publicartarchive.org/work/every-place-history,"(30.251847, -97.690501)"
Lars  Stanley,Fire in the Heart,01/01/1990 12:00:00 AM,"Steel Gate, Pillars And Light Sconces",Fire Station 17,4123 S First St,Austin,TX,78745,30.224806,-97.770849,http://www.publicartarchive.org/work/fire-heart,"(30.224806, -97.770849)"
Stefanie  Distefano,Flamingo Mitote,08/01/2012 12:00:00 AM,"Ceramic Tiles, Mirrored Tiles",Patterson Park,4201 Brookview Rd,Austin,TX,78722,30.296222,-97.709338,http://www.publicartarchive.org/work/flamingo-mitote,"(30.296222, -97.709338)"
Marla  Camp,Flights of Fancy,01/01/1998 12:00:00 AM,"Acrylic Paint, Metal",Yarborough Branch Library,2200 Hancock Dr,Austin,TX,78756,30.323427,-97.740711,http://www.publicartarchive.org/work/flights-fancy,"(30.323427, -97.740711)"
Archaic (Kincannon Studios)  ,"For Jeep, With Love",01/01/2001 12:00:00 AM,Carved Limestone,Palmer Events Center,900 Barton Springs Rd,Austin,TX,78704,30.260248,-97.753415,http://www.publicartarchive.org/work/jeep-love,"(30.260248, -97.753415)"
Robert  Herrera,For La Raza,01/01/1992 12:00:00 AM,Acrylic Paint,Holly Street Power Plant,2400 Holly St,Austin,TX,78702,30.249525,-97.72138,,"(30.249525, -97.72138)"
"Hawkeye  Glenn,  Lizzie  Martinez","Formation, language, memory",09/14/2010 12:00:00 AM,"Sunset Red Granite, Leuders Limestone, Steel Planters, Paint.",Joseph and Susanna Dickinson Hannig Museum,411 E Fifth St,Austin,TX,78701,30.26572,-97.738868,http://www.publicartarchive.org/work/formation-language-memory,"(30.26572, -97.738868)"
Robert  Levers,Four Terrorists Trapped in a Bullring,01/01/1993 12:00:00 AM,Soft Ground Etching,Learning and Research Center,2800 Spirit of Texas Dr,Austin,TX,78719,30.2116,-97.66992,http://www.publicartarchive.org/work/four-terrorists-trapped-bullring,"(30.2116, -97.66992)"
Paul  Sorey,Fractal Tree,12/01/2013 12:00:00 AM,Stainless Steel,Cirrus Logic Inc.,800 W Sixth St,Austin,TX,78701,30.270527,-97.750899,http://www.publicartarchive.org/work/fractal-tree,"(30.270527, -97.750899)"
Ben  Harman,Gear Grove,01/01/2013 12:00:00 AM,"Stainless Steel, Mild Steel, Found Objects (repurposed Bike Gears)",Congress Avenue Streetscape,818 Congress Avenue,Austin,TX,78701,30.270778,-97.741969,http://www.publicartarchive.org/work/gear-grove,"(30.270778, -97.741969)"
Victor  Gutierrez,General Ignacio Zaragoza,01/01/1996 12:00:00 AM,Bronze,Parque Zaragoza Recreation Center,2608 Gonzales St,Austin,TX,78702,30.261743,-97.711567,http://www.publicartarchive.org/work/general-ignacio-zaragoza,"(30.261743, -97.711567)"
Hunter  Cross,Geode,06/06/2014 12:00:00 AM,"Plaster, Glass, Electrical, Metal, Concrete",Northwest Greenway,4624 1/2 James Wheat St,Austin,TX,78723,30.30066,-97.704586,http://www.publicartarchive.org/work/geode,"(30.30066, -97.704586)"
Eddie  Dixon,Go Forth,01/01/2005 12:00:00 AM,Cast Bronze,George Washington Carver Museum and Cultural Center,1165 Angelina St,Austin,TX,78702,30.269565,-97.724044,http://www.publicartarchive.org/work/go-forth,"(30.269565, -97.724044)"
Urban Matter Inc.,Golden Afternoon,03/10/2016 12:00:00 AM,"Stainless Steel, Fiber Optic Cable, Light Emitting Diodes",Seaholm Parking Structure,211 Walter Seaholm Dr,Austin,TX,78701,30.267777,-97.752855,http://www.publicartarchive.org/work/golden-afternoon,"(30.267777, -97.752855)"
Jules  Jones,Golden-Cheeked Warbler,01/01/2009 12:00:00 AM,"Acrylic And Mixed Media On Paper; John James Audubon's ""Birds Of America""",Reicher Ranch/Wildland Conservation Division Office,3621 Ranch Road 620 South,Austin,TX,78738,30.330669,-97.939177,http://www.publicartarchive.org/work/goldencheeked-warbler,"(30.330669, -97.939177)"
Unknown Artist,Granite Gates,01/01/1998 12:00:00 AM,Carved Granite,Zilker Botanical Gardens,2220 Barton Springs Rd,Austin,TX,78746,30.26881,-97.77119,,"(30.26881, -97.77119)"
Jimmy  Jalapeeno,Green Austin Series,01/01/1990 12:00:00 AM,7 Oil Paintings On Canvas,Austin Bergstrom International Airport,3600 Presidential Blvd,Austin,TX,78719,30.20227,-97.66681,http://www.publicartarchive.org/work/green-austin-series,"(30.20227, -97.66681)"
Jerald Don Evans,She is Alive!,01/01/2011 12:00:00 AM,"Bronze, Granite",George Washington Carver Museum and Cultural Center,1165 Angelina St,Austin,TX,78702,30.269979,-97.724015,http://www.publicartarchive.org/work/she-alive,"(30.269979, -97.724015)"
Delfin  Escalante,La Guitarra,01/01/2006 12:00:00 AM,Acrylic Paint And Marker On Fiberglass,Austin Bergstrom International Airport,3600 Presidential Blvd,Austin,TX,78719,30.20208,-97.66698,http://www.publicartarchive.org/work/gibson-guitars,"(30.20208, -97.66698)"
Berthold  Haas,Grotto Wall at Sparky Park,01/01/2008 12:00:00 AM,"Karst Stone, Steel, Mirror Balls, Various Stone, Aggregates, Masonry, Petrified Wood, Fossils, Seashells, Ceramic, Found Objects",Sparky Park,3701 Grooms St,Austin,TX,78705,30.299035,-97.732193,http://www.publicartarchive.org/work/grotto-wall-sparky-park-0,"(30.299035, -97.732193)"
Fidencio  Duran,La Quinceanera- 15th Birthday,01/01/1992 12:00:00 AM,Acrylic Paint,Holly Street Power Plant,2400 Holly St,Austin,TX,78702,30.251077,-97.719286,,"(30.251077, -97.719286)"
Wanda  Gamble,Hidden Canyon,01/01/1993 12:00:00 AM,Oil On Canvas,Cultural Arts Division Offices,201 E 2nd St,Austin,TX,78701,30.2638,-97.74222,http://www.publicartarchive.org/work/hidden-canyon,"(30.2638, -97.74222)"
Deborah  Mersky,High Water Mark,10/01/2008 12:00:00 AM,Nineteen Stainless Steel Laser-cut Panels With Porcelain Enamel Insets,Cesar Chavez Streetscape,Cesar Chavez at S First St,Austin,TX,78701,30.264098,-97.747932,http://www.publicartarchive.org/work/high-water-mark,"(30.264098, -97.747932)"
Thomas  Evans,Hill of the Medicine Man,01/01/1999 12:00:00 AM,9 Oil On Canvas Panels,Austin Bergstrom International Airport,3600 Presidential Blvd,Austin,TX,78719,30.20239,-97.66621,http://www.publicartarchive.org/work/hill-medicine-man,"(30.20239, -97.66621)"
Raul  Valdez,Hillside Mural,01/01/1978 12:00:00 AM,Acrylic Paint On Existing Cement And Cinderblock Walls,Oswaldo A. B. Cantu/Pan American Hillside Theatre,2100 E Third St,Austin,TX,78702,30.25862,-97.721557,http://www.publicartarchive.org/work/hillside-mural,"(30.25862, -97.721557)"
Philippe  Klinefelter,Hour Glass Seating Arbor,01/01/2006 12:00:00 AM,"Granite, Steel, Landscaping",Rosewood-Zaragoza Neighborhood Center,2800 Webberville Rd,Austin,TX,78702,30.265427,-97.710536,http://www.publicartarchive.org/work/hour-glass-seating-arbor,"(30.265427, -97.710536)"
Margo  Sawyer,Index For Contemplation,01/01/2002 12:00:00 AM,Powder-coated Metal,Austin Convention Center,500 E Cesar Chavez St,Austin,TX,78701,30.263713,-97.739702,http://www.publicartarchive.org/work/index-contemplation,"(30.263713, -97.739702)"
Chris  Levack,Iron Wave,01/01/2011 12:00:00 AM,"Steel Ramp With Rolled Steel Pipe, Sheet And Rods, Painted, Concrete Foundation.",Heath Eiland and Morgan Moss BMX Skate Park,1213 Shoal Creek Blvd,Austin,TX,78701,30.277232,-97.749802,http://www.publicartarchive.org/work/iron-wave,"(30.277232, -97.749802)"
Priscilla  Robinson,"Italianos 1,2,3; Indian Land 1; Pueblo Trees; On the Way",01/01/1990 12:00:00 AM,Six Pastel Drawings,Cultural Arts Division Offices,201 E 2nd St,Austin,TX,78701,30.26365,-97.7429,http://www.publicartarchive.org/work/italianos-123-indian-land-l-pueblo-tre,"(30.26365, -97.7429)"
Daniel  Hawkins,Jimmy Clay,01/01/1972 12:00:00 AM,"Bronze, Granite",Jimmy Clay Golf Course,5400 Jimmy Clay Dr,Austin,TX,78744,30.185228,-97.732321,http://www.publicartarchive.org/work/jimmy-clay,"(30.185228, -97.732321)"
Jules  Jones,Jolly-Ville Plateau Salamander,01/01/2008 12:00:00 AM,Acrylic And Mixed Media On Paper.,Reicher Ranch/Wildland Conservation Division Office,3621 Ranch Road 620 South,Austin,TX,78738,30.330669,-97.939177,http://www.publicartarchive.org/work/jollyville-plateau-salamander,"(30.330669, -97.939177)"
Juan Antonio  Lugo Villegas,Jose Maria Morelos y Pavon,01/01/2003 12:00:00 AM,"Bronze, Cast Cement Pedestal",Republic Square Park,422 Guadalupe St,Austin,TX,78701,30.267803,-97.747648,http://www.publicartarchive.org/work/jose-maria-morelos-y-pavon,"(30.267803, -97.747648)"
W. Gary  Smith,Karst Circle,01/01/2004 12:00:00 AM,"Karst Stones, Native Grasses",Circle C Fire and EMS Station,11401 Escarpment Blvd,Austin,TX,78739,30.182934,-97.897569,http://www.publicartarchive.org/work/karst-circle,"(30.182934, -97.897569)"
Sara  Hickman,Keep Austin Weird,01/01/2006 12:00:00 AM,Stickers And Paper On Fiberglass,Austin Bergstrom International Airport,3600 Presidential Blvd,Austin,TX,78719,30.20208,-97.66698,http://www.publicartarchive.org/work/gibson-guitars,"(30.20208, -97.66698)"
Rolando Briseño,Macro / Micro Culture,01/01/2002 12:00:00 AM,Giclee Print,Austin Convention Center,500 E Cesar Chavez St,Austin,TX,78701,30.263956,-97.739478,http://www.publicartarchive.org/work/macromicro-culture,"(30.263956, -97.739478)"
Misty  Keasler,"Kids in the Mirror, Orphanage at Svir Stroi, Svir Stroi, Russia",01/01/2002 12:00:00 AM,C-print On Fujicolor Crystal Archive Paper,Health and Human Services Betty Dunkerley Campus,7201 Levander Loop,Austin,TX,78702,30.253828,-97.689018,http://www.publicartarchive.org/work/kids-mirror-orphanage-svir-stroi-svir-,"(30.253828, -97.689018)"
"Roger  Colombik,  Jerolyn  Bahm-Colombik",La Fuente en Calle Segunda / The Spring of Second Street,08/17/2010 12:00:00 AM,"Bronze, Aluminum",Second Street District,W Second St,Austin,TX,78701,30.26992,-97.74332,http://www.publicartarchive.org/work/la-fuente-en-calle-segundathe-spring-s,"(30.26992, -97.74332)"
David  Serrano,La Pinata,01/01/1996 12:00:00 AM,Serigraph,Learning and Research Center,2800 Spirit of Texas Dr,Austin,TX,78719,30.2116,-97.66992,http://www.publicartarchive.org/work/la-pinata,"(30.2116, -97.66992)"
Victoria  Smith,Lady Bird Johnson Wildflower Spring #1,01/01/1999 12:00:00 AM,Archival Iris Giclee Photograph On Somerset Watercolor Paper,Health and Human Services Betty Dunkerley Campus,7201 Levander Loop,Austin,TX,78702,30.253828,-97.689018,http://www.publicartarchive.org/work/lady-bird-johnson-wildflower-spring-1-,"(30.253828, -97.689018)"
Victoria  Smith,Lady Bird Johnson Wildflower Spring #2,01/01/1999 12:00:00 AM,Archival Iris Giclee Photograph On Somerset Watercolor Paper,Health and Human Services Betty Dunkerley Campus,7201 Levander Loop,Austin,TX,78702,30.253828,-97.689018,http://www.publicartarchive.org/work/lady-bird-johnson-wildflower-spring-1-,"(30.253828, -97.689018)"
Clete  Shields,Willie Nelson,01/01/2012 12:00:00 AM,Bronze,Moody Theatre,310 W Second St,Austin,TX,78701,30.26536,-97.747295,http://www.publicartarchive.org/work/willie-nelson,"(30.26536, -97.747295)"
Victoria  Smith,Lady Bird Johnson Wildflower Spring #3,01/01/1999 12:00:00 AM,Archival Iris Giclee Photograph On Somerset Watercolor Paper,Health and Human Services Betty Dunkerley Campus,7201 Levander Loop,Austin,TX,78702,30.253828,-97.689018,http://www.publicartarchive.org/work/lady-bird-johnson-wildflower-spring-1-,"(30.253828, -97.689018)"
Jim  Beckett,Lady Bird Lake: Morning,01/01/2011 12:00:00 AM,Archival Inkjet Print,City Hall and Public Plaza,301 W Second St,Austin,TX,78701,30.26479,-97.74729,,"(30.26479, -97.74729)"
Virginia  Fleck,Lamina Groove,01/01/2002 12:00:00 AM,Archival IRIS Giclée Print On Somerset Watercolor Paper,EMS Station 17 / Deep Eddy,2307 Foster Ave,Austin,TX,78703,30.277331,-97.772569,http://www.publicartarchive.org/work/lamina-groove,"(30.277331, -97.772569)"
"Leah Davis, Robert Gay, Jack Sanders  ",Lance Armstrong Bikeway ,01/01/2009 12:00:00 AM,"Powder Coated Steel, Solar Panel, Solar Controller, Concrete",Lance Armstrong Bikeway,From Veterans Dr/MoPac to 5th/Shady Lane,Austin,TX,,,,http://www.publicartarchive.org/work/lab,
Stefanie  Distefano,Larry Monroe Forever Mosaic,01/01/2015 12:00:00 AM,"Clay, Mirror, Found Objects",Bridge over Blunn Creek,1506 Eastside Drive,Austin,TX,78704,30.247499,-97.7444,,"(30.247499, -97.7444)"
Martin  Garcia,Las Acciones del Pasado Aseguran el Exito Hacia el Futuro,01/01/2004 12:00:00 AM,Acrylic Paint,Oswaldo A. B. Cantu/Pan American Recreation Center,2100 E Third St,Austin,TX,78702,30.258079,-97.720882,http://www.publicartarchive.org/work/las-acciones-del-pasado-aseguran-el-ex,"(30.258079, -97.720882)"
John  Christensen,"Leaf, Pod & Samara",01/01/1999 12:00:00 AM,Cast Concrete,Austin Bergstrom International Airport,3600 Presidential Blvd,Austin,TX,78719,30.20224,-97.66748,http://www.publicartarchive.org/work/leaf-pod-and-samara,"(30.20224, -97.66748)"
Lori  Norwood,Learning to Fly,01/01/1997 12:00:00 AM,5 Painted Steel Sculptures On Limestone Boulders,Millwood Branch Library,12500 Amherst Dr,Austin,TX,78727,30.422343,-97.716097,http://www.publicartarchive.org/work/learning-fly-1,"(30.422343, -97.716097)"
Jimmy  Luu,Letterscape,01/01/2008 12:00:00 AM,Steel Landscape Edging With Planted Grasses,Health and Human Services Betty Dunkerley Campus,7201 Levander Loop,Austin,TX,78702,30.252586,-97.6897,http://www.publicartarchive.org/work/letterscape-0,"(30.252586, -97.6897)"
Rodolfo  Ybarra,Lone Star Gazebo,01/01/1995 12:00:00 AM,Galvanized Steel,Butler Hike and Bike Trail at Lady Bird Lake,700 W Cesar Chavez St,Austin,TX,78701,30.265813,-97.753598,http://www.publicartarchive.org/work/lone-star-gazebo,"(30.265813, -97.753598)"
"Sunyong  Chung,  Philippe  Klinefelter",Lotus,01/01/2013 12:00:00 AM,"Granite, Hand-made Ceramic Tiles",Asian American Resource Center,8401 Cameron Rd,Austin,TX,78754,30.339817,-97.680635,http://www.publicartarchive.org/work/lotus,"(30.339817, -97.680635)"
The Austin Group,Lou Neff Point Gazebo,01/01/1993 12:00:00 AM,"Round Steel Tubing, Iron",Butler Hike and Bike Trail at Lady Bird Lake,2100 Lou Neff Rd,Austin,TX,78746,30.267254,-97.76169,http://www.publicartarchive.org/work/lou-neff-point-gazebo,"(30.267254, -97.76169)"
Angel  Quesada,Lyons Road Pastoral Scene Mural,01/01/2010 12:00:00 AM,"Masonry, Latex Based Enamel Paint",Lyons Road Bridge,2828 Lyons Rd,Austin,TX,78702,30.261903,-97.702233,,"(30.261903, -97.702233)"
Ned  Kahn,Magnetic Column,01/01/2012 12:00:00 AM,"Carbon Steel, Tempered Glass, Neodymium Magnets, Magnetite Sand, Black Nylon Bushings",Austin Energy System Control Center,2500 Montopolis Dr,Austin,TX,78741,30.219972,-97.708788,http://www.publicartarchive.org/work/magnetic-column,"(30.219972, -97.708788)"
Manana Street Neighbors,Manana Street Bridge,04/01/2011 12:00:00 AM,Ceramic Tiles,Manana Street Bridge,1809 Manana Street (at Turkey Creek),Austin,TX,78730,30.326598,-97.832129,,"(30.326598, -97.832129)"
Philippe  Klinefelter,Medicinal Plant Wall,01/01/2004 12:00:00 AM,Granite,Far Southeast EMS Station / Medic 28,5811 Nuckols Crossing Rd,Austin,TX,78744,30.186852,-97.742788,http://www.publicartarchive.org/work/medicinal-plant-wall,"(30.186852, -97.742788)"
Hank  Waddell,West Texas Beach Ball,01/01/2004 12:00:00 AM,Mesquite Wood,City Hall and Public Plaza,301 W Second St,Austin,TX,78701,30.26482,-97.74731,,"(30.26482, -97.74731)"
L.W. Stolz Memorials,Memorial to the World War ll Dead,01/01/1949 12:00:00 AM,"Bronze, Granite",ROW at 11th and Colorado,11th St and Colorado St,Austin,TX,78701,30.273339,-97.742756,http://www.publicartarchive.org/work/memorial-world-war-ll-dead,"(30.273339, -97.742756)"
David  Kestenbaum,Merlin the Magical Sage,01/01/1991 12:00:00 AM,Carved Tree Stump,Eastwoods Park,3001 Harris Park Ave,Austin,TX,78705,30.290372,-97.731071,http://www.publicartarchive.org/work/merlin-magical-sage,"(30.290372, -97.731071)"
Armando (Tanner)  Martinez,Metz Pool House Mural,05/21/1990 12:00:00 AM,"Spray Paint, Airbrush",Metz Pool,2407 Canterbury St,Austin,TX,78702,30.252855,-97.719154,http://www.publicartarchive.org/work/metz-pool-house-mural,"(30.252855, -97.719154)"
Juan Antonio  Lugo Villegas,Miguel Hidalgo y Costilla,01/01/2003 12:00:00 AM,"Bronze, Cast Cement Pedestal",Republic Square Park,422 Guadalupe St,Austin,TX,78701,30.267788,-97.747647,http://www.publicartarchive.org/work/miguel-hidalgo-y-costilla,"(30.267788, -97.747647)"
Carl  Trominski,Moments,01/01/2003 12:00:00 AM,"Paint, Metal Reflective Panels",Lamar Bridge Underpass,300 N Lamar Blvd,Austin,TX,78703,30.269366,-97.754881,http://www.publicartarchive.org/work/moments,"(30.269366, -97.754881)"
Fidencio  Duran,Montopolis USA,01/01/2003 12:00:00 AM,Acrylic Paint On Board,Montopolis Neighborhood Center,1416 Montopolis Dr,Austin,TX,78741,30.22915,-97.701347,,"(30.22915, -97.701347)"
Shalena White,Mountain Laurel Mandala II,01/01/2014 12:00:00 AM,"Texas Mountain Laurel Seeds, Sewing Pins",City Hall and Public Plaza,301 W Second St,Austin,TX,78701,30.2648200001,-97.7469559997,,"(30.2648200001, -97.7469559997)"
Sharon Roy Finch,MusiCapital,01/01/2006 12:00:00 AM,"Graphite, Oils And Sealant On Fiberglass",Austin Bergstrom International Airport,3600 Presidential Blvd,Austin,TX,78719,30.20208,-97.66698,http://www.publicartarchive.org/work/gibson-guitars,"(30.20208, -97.66698)"
Howard  Weliver,Musician,01/01/2006 12:00:00 AM,Enamel On Fiberglass,Austin Bergstrom International Airport,3600 Presidential Blvd,Austin,TX,78719,30.20208,-97.66698,http://www.publicartarchive.org/work/gibson-guitars,"(30.20208, -97.66698)"
Dale  Whistler,Nightwing,01/01/1998 12:00:00 AM,"Painted Aluminum, Concrete, Steel",Congress Barton Springs Traffic Island,100 1/2 Barton Springs Rd.,Austin,TX,78704,30.259365,-97.746412,http://www.publicartarchive.org/work/nightwing,"(30.259365, -97.746412)"
Mark  Schatz,Nobody Writes Poetry About the Trinity,01/01/2014 12:00:00 AM,Cement,Second Street District,W Second St,Austin,TX,78701,30.263424,-97.740781,http://www.publicartarchive.org/work/nobody-writes-poetry-about-trinity,"(30.263424, -97.740781)"
Thoughtbarn,North Austin Community Garden,05/05/2014 12:00:00 AM,"Wood, Steel, Paint, PVC-coated Steel Wire, Garden Plan",North Austin Community Recreation Center,1000 W Rundberg Ln,Austin,TX,78758,30.364945,-97.700279,http://www.publicartarchive.org/work/north-austin-community-garden,"(30.364945, -97.700279)"
Pete  Castilleja,Nosotros,01/01/1974 12:00:00 AM,"Acrylic Paint On CMU Wall, Painted Wood Frame",Metz Recreation Center,2407 Canterbury St,Austin,TX,78702,30.25226,-97.718377,http://www.publicartarchive.org/work/nosotros,"(30.25226, -97.718377)"
John Patrick Cobb,O. Henry at Cards,01/01/1993 12:00:00 AM,"Pencil, Sumi Ink, Air Brush, Colored Varnish And White Enamel On Board; Cradled And Varnished With Matte Damar.",O. Henry Museum,409 E Fifth St,Austin,TX,78701,30.265758,-97.739139,http://www.publicartarchive.org/work/o-henry-cards,"(30.265758, -97.739139)"
David  Everett,Oak Hill Triptych,01/01/1997 12:00:00 AM,Painted Mahogany Relief Carvings,Hampton Branch Library at Oak Hill,5125 Convict Hill Rd,Austin,TX,78749,30.217637,-97.855059,http://www.publicartarchive.org/work/oak-hill-triptych,"(30.217637, -97.855059)"
Shelley  Wood,Odessa,01/01/2001 12:00:00 AM,Selenium-toned Silver Gelatin Print,Health and Human Services Betty Dunkerley Campus,7201 Levander Loop,Austin,TX,78702,30.253828,-97.689018,http://www.publicartarchive.org/work/odessa,"(30.253828, -97.689018)"
Gabel  Karsten,One by One,01/01/1996 12:00:00 AM,Multi-plate Aquatint,Learning and Research Center,2800 Spirit of Texas Dr,Austin,TX,78719,30.2116,-97.66992,http://www.publicartarchive.org/work/one-one,"(30.2116, -97.66992)"
R+R Studios,Open Room Austin,01/01/2010 12:00:00 AM,Powder-coated Aluminum,Sand Beach Park,200 Sandra Muraida Way,Austin,TX,78701,30.26705,-97.754742,http://www.publicartarchive.org/work/open-room-austin,"(30.26705, -97.754742)"
Erin  Curtis,Pedestrian Geometries #21,09/01/2013 12:00:00 AM,"Elgin-Butler Glazed Brick, Mortar, Grout",Third Street Streetscape,301 Brazos St,Austin,TX,78702,30.266099,-97.746556,http://www.publicartarchive.org/work/pedestrian-geometries,"(30.266099, -97.746556)"
Materials Coalition,Opossum Temple and Voodoo Pew,01/01/1993 12:00:00 AM,Painted Steel And Cast Concrete,Butler Hike and Bike Trail at Lady Bird Lake,1125 W Cesar Chavez St,Austin,TX,78703,30.26776,-97.759543,http://www.publicartarchive.org/work/opossum-temple-and-voodoo-pew,"(30.26776, -97.759543)"
Ben  Appl,Our Hands / Nuestras Manos,01/01/2011 12:00:00 AM,Aluminum With Dye Oxides,E. Seventh St. Obelisco at Comal St.,E 7th and Comal St,Austin,TX,78702,30.263956,-97.726108,http://www.publicartarchive.org/work/our-hands-nuestras-manos,"(30.263956, -97.726108)"
James  Janknegt,Our Neighborhood,01/01/1993 12:00:00 AM,Oil On Canvas,Cultural Arts Division Offices,201 E 2nd St,Austin,TX,78701,30.26362,-97.74299,http://www.publicartarchive.org/work/our-neighborhood,"(30.26362, -97.74299)"
"Laurel  Butler,  Rita Starpattern",Outdoor Studio,01/01/1990 12:00:00 AM,Painted Stucco On Concrete Masonry Units,Central Access Television Facility,1143 Northwestern Ave,Austin,TX,78702,30.269588,-97.715668,http://www.publicartarchive.org/work/outdoor-studio,"(30.269588, -97.715668)"
John  Christensen,Overton-Turner-Roberts Memorial,01/01/2008 12:00:00 AM,"Bronze, Glass Mosaic, Concrete",Turner-Roberts Recreation Center,7201 Colony Loop Drive,Austin,TX,78724,30.300187,-97.636701,http://www.publicartarchive.org/work/overtonturnerroberts-memorial,"(30.300187, -97.636701)"
Leticia Huerta,Padre Nuestro,01/01/1996 12:00:00 AM,Serigraph,Learning and Research Center,2800 Spirit of Texas Dr,Austin,TX,78719,30.2116,-97.66992,http://www.publicartarchive.org/work/padre-nuestro,"(30.2116, -97.66992)"
Alfredo (Skam)  Martinez,The Children are the Future,01/01/1991 12:00:00 AM,Acrylic Paint,Holly Street Power Plant,2400 Holly St,Austin,TX,78702,30.251037,-97.721191,,"(30.251037, -97.721191)"
Fidencio  Duran,Parque Zaragoza Murals,01/01/1996 12:00:00 AM,Acrylic Paint,Parque Zaragoza Recreation Center,2608 Gonzales St,Austin,TX,78702,30.261743,-97.711567,http://www.publicartarchive.org/work/parque-zaragoza-murals-comite-patriota,"(30.261743, -97.711567)"
Erin  Curtis,Pedestrian Geometries #1,09/01/2013 12:00:00 AM,"Elgin-Butler Glazed Brick, Mortar, Grout",Third Street Streetscape,301 Brazos St,Austin,TX,78702,30.264994,-97.743148,http://www.publicartarchive.org/work/pedestrian-geometries,"(30.264994, -97.743148)"
Erin  Curtis,Pedestrian Geometries #10,09/01/2013 12:00:00 AM,"Elgin-Butler Glazed Brick, Mortar, Grout",Third Street Streetscape,301 Brazos St,Austin,TX,78702,30.265217,-97.743373,http://www.publicartarchive.org/work/pedestrian-geometries,"(30.265217, -97.743373)"
Erin  Curtis,Pedestrian Geometries #11,09/01/2013 12:00:00 AM,"Elgin-Butler Glazed Brick, Mortar, Grout",Third Street Streetscape,301 Brazos St,Austin,TX,78702,30.26522,-97.743363,http://www.publicartarchive.org/work/pedestrian-geometries,"(30.26522, -97.743363)"
Erin  Curtis,Pedestrian Geometries #12,09/01/2013 12:00:00 AM,"Elgin-Butler Glazed Brick, Mortar, Grout",Third Street Streetscape,301 Brazos St,Austin,TX,78702,30.265835,-97.74604,http://www.publicartarchive.org/work/pedestrian-geometries,"(30.265835, -97.74604)"
Erin  Curtis,Pedestrian Geometries #16,09/01/2013 12:00:00 AM,"Elgin-Butler Glazed Brick, Mortar, Grout",Third Street Streetscape,301 Brazos St,Austin,TX,78702,30.265831,-97.746029,http://www.publicartarchive.org/work/pedestrian-geometries,"(30.265831, -97.746029)"
Erin  Curtis,Pedestrian Geometries #17,09/01/2013 12:00:00 AM,"Elgin-Butler Glazed Brick, Mortar, Grout",Third Street Streetscape,301 Brazos St,Austin,TX,78702,30.265418,-97.744613,http://www.publicartarchive.org/work/pedestrian-geometries,"(30.265418, -97.744613)"
Shawn  Smith,Vicious Venue,01/01/2008 12:00:00 AM,"Painted Balsa Wood, Found Objects (phone, Film Canisters, Film Rolls)",City Hall and Public Plaza,301 W Second St,Austin,TX,78701,30.26479,-97.74664,,"(30.26479, -97.74664)"
Erin  Curtis,Pedestrian Geometries #18,09/01/2013 12:00:00 AM,"Elgin-Butler Glazed Brick, Mortar, Grout",Third Street Streetscape,301 Brazos St,Austin,TX,78702,30.26431,-97.740749,http://www.publicartarchive.org/work/pedestrian-geometries,"(30.26431, -97.740749)"
Erin  Curtis,Pedestrian Geometries #18B,09/01/2013 12:00:00 AM,"Elgin-Butler Glazed Brick, Mortar, Grout",Third Street Streetscape,301 Brazos St,Austin,TX,78702,30.266496,-97.748009,http://www.publicartarchive.org/work/pedestrian-geometries,"(30.266496, -97.748009)"
Erin  Curtis,Pedestrian Geometries #19,09/01/2013 12:00:00 AM,"Elgin-Butler Glazed Brick, Mortar, Grout",Third Street Streetscape,301 Brazos St,Austin,TX,78702,30.266722,-97.749248,http://www.publicartarchive.org/work/pedestrian-geometries,"(30.266722, -97.749248)"
Erin  Curtis,Pedestrian Geometries #1B,09/01/2013 12:00:00 AM,"Elgin-Butler Glazed Brick, Mortar, Grout",Third Street Streetscape,301 Brazos St,Austin,TX,78702,30.26475,-97.741718,http://www.publicartarchive.org/work/pedestrian-geometries,"(30.26475, -97.741718)"
Erin  Curtis,Pedestrian Geometries #2,09/01/2013 12:00:00 AM,"Elgin-Butler Glazed Brick, Mortar, Grout",Third Street Streetscape,301 Brazos St,Austin,TX,78702,30.26544,-97.744665,http://www.publicartarchive.org/work/pedestrian-geometries,"(30.26544, -97.744665)"
Erin  Curtis,Pedestrian Geometries #20,09/01/2013 12:00:00 AM,"Elgin-Butler Glazed Brick, Mortar, Grout",Third Street Streetscape,301 Brazos St,Austin,TX,78702,30.266128,-97.747091,http://www.publicartarchive.org/work/pedestrian-geometries,"(30.266128, -97.747091)"
Erin  Curtis,Pedestrian Geometries #22,09/01/2013 12:00:00 AM,"Elgin-Butler Glazed Brick, Mortar, Grout",Third Street Streetscape,301 Brazos St,Austin,TX,78702,30.263994,-97.740759,http://www.publicartarchive.org/work/pedestrian-geometries,"(30.263994, -97.740759)"
Erin  Curtis,Pedestrian Geometries #23,09/01/2013 12:00:00 AM,"Elgin-Butler Glazed Brick, Mortar, Grout",Third Street Streetscape,301 Brazos St,Austin,TX,78702,30.265593,-97.744821,http://www.publicartarchive.org/work/pedestrian-geometries,"(30.265593, -97.744821)"
Erin  Curtis,Pedestrian Geometries #24,09/01/2013 12:00:00 AM,"Elgin-Butler Glazed Brick, Mortar, Grout",Third Street Streetscape,301 Brazos St,Austin,TX,78702,30.265602,-97.744854,http://www.publicartarchive.org/work/pedestrian-geometries,"(30.265602, -97.744854)"
Erin  Curtis,Pedestrian Geometries #25,09/01/2013 12:00:00 AM,"Elgin-Butler Glazed Brick, Mortar, Grout",Third Street Streetscape,301 Brazos St,Austin,TX,78702,30.265596,-97.744832,http://www.publicartarchive.org/work/pedestrian-geometries,"(30.265596, -97.744832)"
Erin  Curtis,Pedestrian Geometries #26,09/01/2013 12:00:00 AM,"Elgin-Butler Glazed Brick, Mortar, Grout",Third Street Streetscape,301 Brazos St,Austin,TX,78702,30.265217,-97.743357,http://www.publicartarchive.org/work/pedestrian-geometries,"(30.265217, -97.743357)"
Erin  Curtis,Pedestrian Geometries #27,09/01/2013 12:00:00 AM,"Elgin-Butler Glazed Brick, Mortar, Grout",Third Street Streetscape,301 Brazos St,Austin,TX,78702,30.265834,-97.746035,http://www.publicartarchive.org/work/pedestrian-geometries,"(30.265834, -97.746035)"
Bill  Wiman,Transitions,01/01/1990 12:00:00 AM,Oil On Canvas,Medic 3 Quarters,600 River St,Austin,TX,78701,,,,
Erin  Curtis,Pedestrian Geometries #29,09/01/2013 12:00:00 AM,"Elgin-Butler Glazed Brick, Mortar, Grout",Third Street Streetscape,301 Brazos St,Austin,TX,78702,30.264753,-97.742299,http://www.publicartarchive.org/work/pedestrian-geometries,"(30.264753, -97.742299)"
Erin  Curtis,Pedestrian Geometries #3,09/01/2013 12:00:00 AM,"Elgin-Butler Glazed Brick, Mortar, Grout",Third Street Streetscape,301 Brazos St,Austin,TX,78702,30.265657,-97.745456,http://www.publicartarchive.org/work/pedestrian-geometries,"(30.265657, -97.745456)"
Erin  Curtis,Pedestrian Geometries #30,09/01/2013 12:00:00 AM,"Elgin-Butler Glazed Brick, Mortar, Grout",Third Street Streetscape,301 Brazos St,Austin,TX,78702,30.266387,-97.747498,http://www.publicartarchive.org/work/pedestrian-geometries,"(30.266387, -97.747498)"
Erin  Curtis,Pedestrian Geometries #4,09/01/2013 12:00:00 AM,"Elgin-Butler Glazed Brick, Mortar, Grout",Third Street Streetscape,301 Brazos St,Austin,TX,78702,30.264884,-97.742125,http://www.publicartarchive.org/work/pedestrian-geometries,"(30.264884, -97.742125)"
Erin  Curtis,Pedestrian Geometries #5,09/01/2013 12:00:00 AM,"Elgin-Butler Glazed Brick, Mortar, Grout",Third Street Streetscape,301 Brazos St,Austin,TX,78702,30.266714,-97.748779,http://www.publicartarchive.org/work/pedestrian-geometries,"(30.266714, -97.748779)"
Erin  Curtis,Pedestrian Geometries #9,09/01/2013 12:00:00 AM,"Elgin-Butler Glazed Brick, Mortar, Grout",Third Street Streetscape,301 Brazos St,Austin,TX,78702,30.265597,-97.744844,http://www.publicartarchive.org/work/pedestrian-geometries,"(30.265597, -97.744844)"
Katherine  Brimberry,Personal Effects III,01/01/1994 12:00:00 AM,Monoprint With Solarplate Etching,Learning and Research Center,2800 Spirit of Texas Dr,Austin,TX,78719,30.2116,-97.66992,http://www.publicartarchive.org/work/personal-effects-iii,"(30.2116, -97.66992)"
Jill  Bedgood,Phantom Ship,01/01/1991 12:00:00 AM,Cast Concrete Retaining Walls,Zilker Metropolitan Park,2100 Barton Springs Rd,Austin,TX,78746,30.264663,-97.769253,http://www.publicartarchive.org/work/phantom-ship-0,"(30.264663, -97.769253)"
Glenna  Goodacre,Philosophers' Rock,01/01/1994 12:00:00 AM,Bronze,Zilker Metropolitan Park,2131 William Barton Dr.,Austin,TX,78746,30.264214,-97.770738,http://www.publicartarchive.org/work/philosophers-rock,"(30.264214, -97.770738)"
Tracy  Sutton,Piece of My Heart,01/01/2006 12:00:00 AM,Acrylic Paint On Fiberglass,Austin Bergstrom International Airport,3600 Presidential Blvd,Austin,TX,78719,30.20208,-97.66698,http://www.publicartarchive.org/work/gibson-guitars,"(30.20208, -97.66698)"
Arlene  Polite,Play,01/01/1995 12:00:00 AM,Woodcut,Learning and Research Center,2800 Spirit of Texas Dr,Austin,TX,78719,30.2116,-97.66992,http://www.publicartarchive.org/work/play-arlene-polite,"(30.2116, -97.66992)"
Dale  Whistler,Playmates,01/01/1999 12:00:00 AM,Painted Aluminum,Town Lake Animal Center,1156 W Cesar Chavez St,Austin,TX,78703,30.26795347,-97.75831654,http://www.publicartarchive.org/work/playmates,"(30.26795347, -97.75831654)"
Cliff  Garten,Rhytons,01/01/2012 12:00:00 AM,"Bronze, Sound Components",Zachary Scott Theatre,202 S Lamar Blvd.,Austin,TX,78704,30.26435,-97.758013,http://www.publicartarchive.org/work/rhytons,"(30.26435, -97.758013)"
"Amy Bunker,  Travis Seeger,  Foster Talge",Pods,08/01/2016 12:00:00 AM,"Stainless And Mild Steel, Cedar, Decomposed Granite Landscaping",Montopolis Neighborhood Center,1416 Montopolis Dr,Austin,TX,78741,30.229111,-97.701099,,"(30.229111, -97.701099)"
Judd Graham,Spin,01/01/2017 12:00:00 AM,Mild Steel,Second Street Bridge and Extension,W 2nd Street Extension,Austin,TX,78701,30.266177,-97.751203,,"(30.266177, -97.751203)"
Kathy  Marcus,Por Vida,01/01/2009 12:00:00 AM,Mixed Media On Fiberglass,Austin Bergstrom International Airport,3600 Presidential Blvd,Austin,TX,78719,30.20208,-97.66698,http://www.publicartarchive.org/work/gibson-guitars,"(30.20208, -97.66698)"
NADAAA,Power Picket,01/01/2016 12:00:00 AM,"Precast Pigmented Concrete, Perforated Metal Panels",Seaholm Substation Wall,Seaholm Substation Wall,Austin,TX,78701,30.26741,-97.751643,,"(30.26741, -97.751643)"
Hawkeye  Glenn,Prayer Wheel,06/01/2014 12:00:00 AM,"Granite, Limestone, Steel, Porcelain Enamel",Barton Springs Pool,2201 Barton Springs Rd,Austin,TX,78746,30.264224,-97.771261,http://www.publicartarchive.org/work/prayer-wheel,"(30.264224, -97.771261)"
Nan  Standish Blake,Pride,01/01/2003 12:00:00 AM,Giclée Print On Fujicolor Crystal Archive Paper,Health and Human Services Betty Dunkerley Campus,7201 Levander Loop,Austin,TX,78702,30.253828,-97.689018,http://www.publicartarchive.org/work/pride,"(30.253828, -97.689018)"
Arlene  Polite,Printing,01/01/1996 12:00:00 AM,Woodcut,Learning and Research Center,2800 Spirit of Texas Dr,Austin,TX,78719,30.2116,-97.66992,http://www.publicartarchive.org/work/printing,"(30.2116, -97.66992)"
Nobuho  Nagasawa,Seeding Time,01/01/2004 12:00:00 AM,"Stones, Limestone, MeeFog Humidification System, Lights, Oak Tree",City Hall and Public Plaza,301 W Second St,Austin,TX,78701,30.264554,-97.747765,http://www.publicartarchive.org/work/seeding-time,"(30.264554, -97.747765)"
Maggie  Desanto,Procession for Our Lady of Guadalupe,01/01/2011 12:00:00 AM,"Glazed Ceramic Tile, Cement Board",E. Seventh Street Obelisco at Robert Martinez,E 7th and Robert Martinez,Austin,TX,78702,30.261583,-97.718018,http://www.publicartarchive.org/work/procession-our-lady-guadalupe-procesi%,"(30.261583, -97.718018)"
Nell  Gould,Q (not a quince),01/01/1997 12:00:00 AM,A La Poupée Etching With Chine-collé,Learning and Research Center,2800 Spirit of Texas Dr,Austin,TX,78719,30.2116,-97.66992,http://www.publicartarchive.org/work/q-not-quince,"(30.2116, -97.66992)"
Damian  Priour,Question Mark,01/01/1979 12:00:00 AM,Stained Glass,Faulk Central Library,800 Guadalupe St,Austin,TX,78701,30.271145,-97.745685,http://www.publicartarchive.org/work/question-mark,"(30.271145, -97.745685)"
"Connie  Arismendi,  Laura  Garanzuay","Rayo de Esperanza / A Beacon of Hope: Cesar E. Chavez Memorial Sculpture, Community Kiosk, Benches",01/01/2009 12:00:00 AM,"Aqua Jet Cut Aluminum, Steel, Three Celebratory Lighting Programs",Terrazas Branch Library,1105 E Cesar Chavez St,Austin,TX,78702,30.260183,-97.733761,http://www.publicartarchive.org/work/rayo-de-esperanzaa-beacon-hope-cesar-e,"(30.260183, -97.733761)"
Ambray  Gonzales,Reach for Your Dreams,01/01/2002 12:00:00 AM,"Carved Limestone, Slate Tiles, River Rocks",Montopolis Sportsplex,800 Grove Blvd,Austin,TX,78741,30.24335,-97.701451,http://www.publicartarchive.org/work/reach-your-dreams-0,"(30.24335, -97.701451)"
Kathleen  Ash,Read More Books,01/01/2009 12:00:00 AM,"Laminated Decorative Glass, Kiln-fired Paint, Cables",North Village Branch Library,2505 Steck Ave,Austin,TX,78757,30.362136,-97.730265,http://www.publicartarchive.org/work/read-more-books,"(30.362136, -97.730265)"
Paul  Bond,Reading Between the Lions,01/01/2000 12:00:00 AM,Bronze,Windsor Park Branch Library,5833 Westminster Dr,Austin,TX,78723,30.311649,-97.690219,http://www.publicartarchive.org/work/reading-between-lions,"(30.311649, -97.690219)"
Jill  Bedgood,Reality * Texas * Mythology,01/01/1999 12:00:00 AM,"Etched Glass, Etched Metal Medallions",Austin Bergstrom International Airport,3600 Presidential Blvd,Austin,TX,78719,30.202077,-97.667887,http://www.publicartarchive.org/work/reality-texas-mythology,"(30.202077, -97.667887)"
Pio  Pulido,Rebekah Baines Johnson Health Center Mural,01/01/1999 12:00:00 AM,Acrylic Paint,Rebekah Baines Johnson Health Center,15 Waller St,Austin,TX,78701,30.253439,-97.733152,,"(30.253439, -97.733152)"
Linnea  Glatt,Reflect,01/01/2002 12:00:00 AM,"Limestone, Glass, Native Plantings",South Police Substation,404 Ralph Ablanedo Dr,Austin,TX,78748,30.175504,-97.793153,http://www.publicartarchive.org/work/reflect,"(30.175504, -97.793153)"
Virginia  Fleck,Reflect and Resound,01/01/2017 12:00:00 AM,"Aluminum, Steel, Paint",Austin Shelter for Women and Children,4523 Tannehill Lane,Austin,TX,78721,30.28318,-97.668787,,"(30.28318, -97.668787)"
Reginald  Adams,Reflections,01/01/2012 12:00:00 AM,Mosaic Mural Made With Glass And Ceramic Tiles,African American Cultural and Heritage Facility,912 E 11th St,Austin,TX,78702,30.270069,-97.730876,http://www.publicartarchive.org/work/reflections-2,"(30.270069, -97.730876)"
Ryah  Christensen,Reflections on the Brazos,01/14/2015 12:00:00 AM,"Glass, Stone",Second Street District,W Second St,Austin,TX,78701,30.264026,-97.74293,,"(30.264026, -97.74293)"
John  Yancey,Riffs and Rhythms,01/01/1996 12:00:00 AM,Broken Tile Mosaic,Austin Convention Center,500 E Cesar Chavez St,Austin,TX,78701,30.263956,-97.740646,http://www.publicartarchive.org/work/riffs-and-rhythms,"(30.263956, -97.740646)"
Ann  Armstrong,Stem Rack,01/01/2012 12:00:00 AM,Mild Steel,Congress Avenue Streetscape,107 E 2nd St,Austin,TX,78701,30.264101,-97.743671,http://www.publicartarchive.org/work/stem-rack,"(30.264101, -97.743671)"
Mary  Albrecht,Rosemary: Goddess of the Herb Garden,05/31/2000 12:00:00 AM,Ferro Concrete,Zilker Botanical Gardens,2220 Barton Springs Rd,Austin,TX,78746,30.26893,-97.7729,http://www.publicartarchive.org/work/rosemary-goddess-herb-garden-0,"(30.26893, -97.7729)"
Jill  Bedgood,Rowing Shell,01/01/2012 12:00:00 AM,"Back-painted Glass, Aluminum Frame",Waller Creek Boathouse,74 Trinity St,Austin,TX,78701,30.260647,-97.741732,http://www.publicartarchive.org/work/rowing-shell,"(30.260647, -97.741732)"
Nan  Standish Blake,Safe,01/01/2003 12:00:00 AM,Giclée Print On Fujicolor Crystal Archive Paper,Health and Human Services Betty Dunkerley Campus,7201 Levander Loop,Austin,TX,78702,30.253828,-97.689018,http://www.publicartarchive.org/work/safe,"(30.253828, -97.689018)"
Leticia Huerta,San Antonio River,01/01/2017 12:00:00 AM,Terrazzo Tile,Second Street District,500 W 2nd St,Austin,TX,78701,30.263583,-97.741368,,"(30.263583, -97.741368)"
T. Paul  Hernandez,Sanctuary of the Tribal Alligator,01/01/1988 12:00:00 AM,Concrete,Hill Elementary School,8601 Tallwood Dr,Austin,TX,78759,30.376447,-97.74857,http://www.publicartarchive.org/work/sanctuary-tribal-alligator,"(30.376447, -97.74857)"
Martha  Mcashan Guerin,Sandcastles,01/01/1989 12:00:00 AM,Bronze,Brackenridge Children's Hospital,,Austin,TX,78701,,,,
Phillip  Wade,Schnauzer at the Door,01/01/1992 12:00:00 AM,Oil On Canvas,Texas Cancer Center at Brackenridge Hospital,,Austin,TX,78701,,,,
Kathleen  Ash,Sea of Knowledge,01/01/2009 12:00:00 AM,"Laminated Decorative Glass, Kiln-fired Paint",North Village Branch Library,2505 Steck Ave,Austin,TX,78757,30.362139,-97.730643,http://www.publicartarchive.org/work/sea-knowledge-0,"(30.362139, -97.730643)"
Lawrence  Jolly,Sedona Lake,01/01/2014 12:00:00 AM,Oil On Canvas,City Hall and Public Plaza,301 W Second St,Austin,TX,78701,30.2649,-97.74686,,"(30.2649, -97.74686)"
Eric  Eley,Shock Egg and Checker Burst,03/27/2015 12:00:00 AM,"Stainless Steel, Silicon Bronze",Austin Bergstrom International Airport,3600 Presidential Blvd,Austin,TX,78719,30.211885,-97.666847,,"(30.211885, -97.666847)"
Shelley  Wood,Shoestring,01/01/2003 12:00:00 AM,Selenium-toned Silver Gelatin Print,Health and Human Services Betty Dunkerley Campus,7201 Levander Loop,Austin,TX,78702,30.253828,-97.689018,http://www.publicartarchive.org/work/shoestring,"(30.253828, -97.689018)"
Chris  Doyle,Showershade,01/01/2010 12:00:00 AM,"Steel, Concrete, Showers, Fans",Public Safety Training Facilty,4800 Shaw Ln,Austin,TX,78744,30.186917,-97.706601,http://www.publicartarchive.org/work/showershade,"(30.186917, -97.706601)"
Armando (Tanner)  Martinez,Sign of the Times,01/01/1991 12:00:00 AM,Acrylic Paint,Holly Street Power Plant,2400 Holly St,Austin,TX,78702,30.2512,-97.71962,,"(30.2512, -97.71962)"
Peter  Mangan,Sky Gates,01/01/2000 12:00:00 AM,"Copper, Brass, Steel, Glass",EMS Station 14,7200 Berkman Dr,Austin,TX,78752,30.325264,-97.689283,http://www.publicartarchive.org/work/sky-gates,"(30.325264, -97.689283)"
T. Paul  Hernandez,Snake Culvert,01/01/1990 12:00:00 AM,Cast Concrete,Central Access Television Facility,1143 Northwestern Ave,Austin,TX,78702,30.269439,-97.715215,http://www.publicartarchive.org/work/snake-culvert,"(30.269439, -97.715215)"
Benito  Huerta,Snake Path,01/01/2007 12:00:00 AM,Brick Pavers,Emma S. Barrientos Mexican American Cultural Center,600 River St,Austin,TX,78701,30.258163,-97.740239,http://www.publicartarchive.org/work/snake-path-0,"(30.258163, -97.740239)"
Barna  Kantor,Solar Tree,01/01/2013 12:00:00 AM,"Steel, Limestone, Polycarbonate, LED Lighting, Photovoltaic Elements, Solar Array",Dittmar Recreation Center,1009 W Dittmar Rd,Austin,TX,78745,30.18526,-97.801971,http://www.publicartarchive.org/work/solar-tree,"(30.18526, -97.801971)"
Heather  Carter,Souls of the Trees,01/01/2007 12:00:00 AM,Pine,Spicewood Springs Branch Library,8637 Spicewood Springs Rd,Austin,TX,78759,30.433782,-97.773211,http://www.publicartarchive.org/work/souls-trees,"(30.433782, -97.773211)"
David  Newton,Spirit of Hope,01/01/2000 12:00:00 AM,Bronze,Millennium Youth Entertainment Complex,1156 Hargrave St,Austin,TX,78702,30.271834,-97.710959,http://www.publicartarchive.org/work/spirit-hope,"(30.271834, -97.710959)"
Ralph  Helmick,Stevie Ray Vaughan,01/01/1994 12:00:00 AM,Bronze,Vic Mathias Shores,800 W Riverside Dr,Austin,TX,78704,30.263113,-97.750675,http://www.publicartarchive.org/work/stevie-ray-vaughan,"(30.263113, -97.750675)"
Margie  Crisp,Swallow Suite,01/01/1996 12:00:00 AM,Linocut,Learning and Research Center,2800 Spirit of Texas Dr,Austin,TX,78719,30.2116,-97.66992,http://www.publicartarchive.org/work/swallow-suite,"(30.2116, -97.66992)"
Damian  Priour,Symbol Bowl,01/01/2004 12:00:00 AM,"Limestone, Glass",Cultural Arts Division Offices,201 E 2nd St,Austin,TX,78701,30.26361,-97.74299,,"(30.26361, -97.74299)"
Jill  Bedgood,Texas Botanicals,01/01/1998 12:00:00 AM,Oil On Canvas,Austin Convention Center,500 E Cesar Chavez St,Austin,TX,78701,30.264007,-97.740225,http://www.publicartarchive.org/work/texas-botanicals,"(30.264007, -97.740225)"
Ansen  Seale,Texas Slam: Portrait of Morris Williams Jr.,01/01/2013 12:00:00 AM,"Acrylic Paint On Acrylic Panels, Set In A Wood Frame With Tempered Glass",Morris Williams Golf Course,4300 Manor Rd,Austin,TX,78723,30.289673,-97.690932,http://www.publicartarchive.org/work/texas-slam-portrait-morris-williams-jr,"(30.289673, -97.690932)"
Kelly  Fearing,The Collector Revisited,01/01/1997 12:00:00 AM,Photogravure,Learning and Research Center,2800 Spirit of Texas Dr,Austin,TX,78719,30.2116,-97.66992,http://www.publicartarchive.org/work/collector-revisited,"(30.2116, -97.66992)"
"Beverly  Penn,  Steve  Wiman",The Community Core Sample Project & The Threshold Project,01/01/2002 12:00:00 AM,"Mixed Media, Found Objects, Photographs",St. John's Community Center,7500 Blessing Ave,Austin,TX,78752,30.332823,-97.693701,http://www.publicartarchive.org/work/community-core-sample-project,"(30.332823, -97.693701)"
Jorge  Pardo,The Courtyard,05/01/1988 12:00:00 AM,Hand-painted Ceramic Tile Mural,Conley-Guerrero Senior Activity Center,808 Nile St,Austin,TX,78702,30.265621,-97.711117,http://www.publicartarchive.org/work/courtyard,"(30.265621, -97.711117)"
Terese M. St. Arnauld,The Cyclist,01/01/1999 12:00:00 AM,Silver Gelatin Print,Health and Human Services Betty Dunkerley Campus,7201 Levander Loop,Austin,TX,78702,30.253828,-97.689018,http://www.publicartarchive.org/work/cyclist,"(30.253828, -97.689018)"
Alonso  Rey-Sanchez,The Family / La Familia,01/01/2011 12:00:00 AM,Mineral Paint On Cement Board,E. Seventh Street Obelisco at Pedernales,E 7th and Pedernales,Austin,TX,78702,30.260907,-97.713733,http://www.publicartarchive.org/work/family-la-familia,"(30.260907, -97.713733)"
"Roger  Colombik,  Jerolyn  Bahm-Colombik",The Island,01/01/2003 12:00:00 AM,"Limestone, Stainless Steel, Bronze, Ceramic Tiles, Native Landscaping, Resin, Powder Coating.","Combined Transportation, Emergency & Communication Center (CTECC)",5010 Old Manor Rd,Austin,TX,78723,30.29876,-97.691105,http://www.publicartarchive.org/work/island,"(30.29876, -97.691105)"
Jill  Bedgood,The Life of Waller Creek and Lady Bird Lake,01/01/2012 12:00:00 AM,"Back-painted And Etched Glass Tiles, Wooden Tiles",Waller Creek Boathouse,74 Trinity St,Austin,TX,78701,30.26065,-97.741872,http://www.publicartarchive.org/work/life-waller-creek-and-lady-bird-lake,"(30.26065, -97.741872)"
Geoffrey  Graham,The Prophesy of Peace,01/01/1986 12:00:00 AM,Serigraph,City Hall and Public Plaza,301 W Second St,Austin,TX,78701,30.26492,-97.74714,http://www.publicartarchive.org/work/prophecy-peace,"(30.26492, -97.74714)"
"Margaret Heffernan, Michael  Heffernan,  Faith  Schexnayder,  Sara  Twaddle",The Reading Chair,01/01/2011 12:00:00 AM,"Ceramic And Glass Tiles, Concrete Masonry Unit",McBeth Recreation Center,2401 Columbus Dr,Austin,TX,78746,30.266724,-97.778372,http://www.publicartarchive.org/work/reading-chair,"(30.266724, -97.778372)"
Aly  Winningham,The Roots/ Las raices,01/01/2011 12:00:00 AM,Glass And Metal On Cement Board,E. Seventh Street Obelisco at Chicon,E 7th and Chicon,Austin,TX,78702,30.26256,-97.72213,http://www.publicartarchive.org/work/roots-las-raices,"(30.26256, -97.72213)"
John  Christensen,The Source,01/01/1994 12:00:00 AM,"Bronze, Granite, Concrete",Waller Creek Center,625 E Tenth St,Austin,TX,78701,30.269775,-97.734988,http://www.publicartarchive.org/work/source-3,"(30.269775, -97.734988)"
Fidencio  Duran,The Visit,01/01/1999 12:00:00 AM,9 Acrylic On Canvas Panels,Austin Bergstrom International Airport,3600 Presidential Blvd,Austin,TX,78719,30.2024,-97.66791,http://www.publicartarchive.org/work/visit,"(30.2024, -97.66791)"
Mikyoung  Kim,Time Lines,12/01/2014 12:00:00 AM,Digital Prints On Acrylic 20 LPI Lenticular Lens Mounted On Dibond Backing,Austin Bergstrom International Airport,3600 Presidential Blvd,Austin,TX,78719,30.202211,-97.665904,http://www.publicartarchive.org/work/time-lines,"(30.202211, -97.665904)"
Sandra  Fiedorek,To Parts Unknown,01/01/1999 12:00:00 AM,Tarmac Paint And Glass Beads On Wood Panels,Austin Bergstrom International Airport,3600 Presidential Blvd,Austin,TX,78719,30.20208,-97.66698,http://www.publicartarchive.org/work/parts-unknown,"(30.20208, -97.66698)"
Connie  Arismendi,Trail of Tejano Legends: !Estamos en Tejas!,01/01/2008 12:00:00 AM,Aluminum,Butler Hike and Bike Trail at Lady Bird Lake,2711 Canterbury St,Austin,TX,78702,30.251227,-97.714216,http://www.publicartarchive.org/work/estamos-en-tejas,"(30.251227, -97.714216)"
Connie  Arismendi,Trail of Tejano Legends: Tenderly,01/01/2008 12:00:00 AM,Aluminum,Butler Hike and Bike Trail at Lady Bird Lake,1621 Nash Hernandez Sr Rd,Austin,TX,78702,30.249331,-97.73015,http://www.publicartarchive.org/work/tenderly,"(30.249331, -97.73015)"
Connie  Arismendi,Trail of Tejano Legends: Una Cancion de Fe y Familia,01/01/2008 12:00:00 AM,Aluminum,Emma S. Barrientos Mexican American Cultural Center,600 River St,Austin,TX,78701,30.258003,-97.740848,http://www.publicartarchive.org/work/una-canci%C3%B3n-de-fe-y-familia,"(30.258003, -97.740848)"
James  Talbot,Transition,01/01/2006 12:00:00 AM,"Ceramic, Stone, Colored Mirror, Glass",Austin Bergstrom International Airport,3600 Presidential Blvd,Austin,TX,78719,30.20302,-97.66738,http://www.publicartarchive.org/work/transition-1,"(30.20302, -97.66738)"
Jimmy  Jalapeeno,Tree on Barton Creek,01/01/1993 12:00:00 AM,Oil On Canvas,Cultural Arts Division Offices,201 E 2nd St,Austin,TX,78701,30.26404,-97.7424,http://www.publicartarchive.org/work/tree-barton-creek,"(30.26404, -97.7424)"
Lars  Stanley,Tribute to Gus Garcia,01/01/2008 12:00:00 AM,Forged Steel And Stone Desk Surround,Gus Garcia Recreation Center,1201 E Rundberg Ln,Austin,TX,78753,30.352593,-97.682049,http://www.publicartarchive.org/work/tribute-gus-garcia,"(30.352593, -97.682049)"
Chris  Levack,Trilobite Shade,01/01/2011 12:00:00 AM,"Rolled Angle Iron, Straight T-iron Members, Ipe Wood Louvers, An ACQ-treated Lumber Nailer System, And A Black Stained Ipe Wedge Network.",Heath Eiland and Morgan Moss BMX Skate Park,1213 Shoal Creek Blvd,Austin,TX,78701,30.277087,-97.74971,http://www.publicartarchive.org/work/trilobite-shade,"(30.277087, -97.74971)"
Bruce  Wolfe,True Patriot: Barbara Jordan Memorial Statue,01/01/2002 12:00:00 AM,Bronze,Austin Bergstrom International Airport,3600 Presidential Blvd,Austin,TX,78719,30.20217,-97.66702,http://www.publicartarchive.org/work/barbara-jordan-true-patriot,"(30.20217, -97.66702)"
John  Christensen,Turtle Plaza/Plaza de las Tortugas,01/01/2012 12:00:00 AM,Concrete,Roy G. Guerrero Colorado River Park,400 Grove Blvd,Austin,TX,78741,30.243525,-97.701373,http://www.publicartarchive.org/work/turtle-plaza-plaza-de-las-tortugas,"(30.243525, -97.701373)"
Garth  Edwards,Untitled,01/01/1988 12:00:00 AM,Lead Stained Glass Window,Conley-Guerrero Senior Activity Center,808 Nile St,Austin,TX,78702,30.265669,-97.711056,http://www.publicartarchive.org/work/untitled-window,"(30.265669, -97.711056)"
Malou  Flato,Untitled,01/01/1993 12:00:00 AM,Painted Ceramic Tile Mural,Waller Creek Center,625 E Tenth St,Austin,TX,78701,30.26976,-97.734562,http://www.publicartarchive.org/work/untitled-water-scene,"(30.26976, -97.734562)"
Dale  Whistler,Untitled,01/01/1994 12:00:00 AM,Stained Concrete Sidewalk Mural,Dick Nichols Park,8011 Beckett Rd,Austin,TX,78749,30.213121,-97.862806,http://www.publicartarchive.org/work/untitled-playground-sidewalk-mural,"(30.213121, -97.862806)"
Claudia  Reese,Untitled,02/08/1998 12:00:00 AM,Handpainted Ceramic Tiles Integrated Into The Building,Southeast Branch Library,5803 Nuckols Crossing Rd,Austin,TX,78744,30.187321,-97.742281,http://www.publicartarchive.org/work/untitled-faces,"(30.187321, -97.742281)"
David  Ellis,Untitled,01/01/1980 12:00:00 AM,"Cor-ten Steel, Limestone, Wood",Dougherty Arts Center,1110 Barton Springs Rd,Austin,TX,78704,30.260643,-97.755996,http://www.publicartarchive.org/work/untitled-53,"(30.260643, -97.755996)"
Damian  Priour,Untitled,01/01/1980 12:00:00 AM,Lead Stained Glass Window,Brackenridge Hospital,,,,,,,,
Arlene  Polite,Untitled,01/01/1992 12:00:00 AM,Acrylic Paint,Holly Street Power Plant,2400 Holly St,Austin,TX,78702,30.251328,-97.720279,,"(30.251328, -97.720279)"
Dale  Whistler,Untitled (Aquarium Scene),01/01/1997 12:00:00 AM,"Acrylic, Painted Tiles, Steel",Dick Nichols Park,8011 Beckett Rd,Austin,TX,78749,30.213705,-97.862432,http://www.publicartarchive.org/work/untitled-aquarium-scene,"(30.213705, -97.862432)"
Paul  Siebenaler,Untitled (Chris Kern Memorial),01/01/1992 12:00:00 AM,Granite Bench With Inscription And Surrounding Masonry,Butler Hike and Bike Trail at Lady Bird Lake,200 S Lamar Blvd,Austin,TX,78704,30.265044,-97.757176,http://www.publicartarchive.org/work/untitled-chris-kern-memorial,"(30.265044, -97.757176)"
Stephen  Ray,Untitled (Gargoyles),01/01/1990 12:00:00 AM,"Fiberglass, Clay",Zachary Scott Theatre,1510 Toomey Rd,Austin,TX,78704,30.26403,-97.758689,http://www.publicartarchive.org/work/untitled-theatrical-gargoyles,"(30.26403, -97.758689)"
David  Santos,Untitled (Guerilla Carvings),01/01/1983 12:00:00 AM,Limestone Carvings,Waller Creek Walkway,500 E Cesar Chavez St,Austin,TX,78701,30.26391,-97.739515,,"(30.26391, -97.739515)"
Deborah  Mersky,Untitled {Utility Box Cover 1),01/01/2009 12:00:00 AM,Cut Aluminum Panels,Cesar Chavez Streetscape,Cesar Chavez at S First St,Austin,TX,78701,30.263903,-97.746876,,"(30.263903, -97.746876)"
Deborah  Mersky,Untitled {Utility Box Cover 2),01/01/2009 12:00:00 AM,Cut Aluminum Panels,Cesar Chavez Streetscape,Cesar Chavez at S First St,Austin,TX,78701,30.264208,-97.748134,,"(30.264208, -97.748134)"
Michael Singer Studio,Uplifted Ground,10/06/2015 12:00:00 AM,"Cast Concrete, Steel Cable, Granite, Stainless Steel, Copper, LED Lighting",Austin Bergstrom International Airport,3600 Presidential Blvd,Austin,TX,78719,30.204077,-97.667137,http://www.publicartarchive.org/work/uplifted-ground,"(30.204077, -97.667137)"
Margarita  Cabrera,Uprooted Dreams,01/01/2012 12:00:00 AM,Acrylic On Found Wood Pieces,Emma S. Barrientos Mexican American Cultural Center,600 River St,Austin,TX,78701,30.258154,-97.740004,http://www.publicartarchive.org/work/uprooted-dreams,"(30.258154, -97.740004)"
Sun  McColgin,Urban / Canyon,01/01/2011 12:00:00 AM,"Stainless Steel, Stained Concrete, Glass",Second Street District,W Second St,Austin,TX,78701,30.264774,-97.745592,http://www.publicartarchive.org/work/urban-canyon,"(30.264774, -97.745592)"
Martha  Gannon,View from the Mayor's Window,01/01/2005 12:00:00 AM,"Metallic Prints, Stainless Steel, Plexiglas",City Hall and Public Plaza,301 W Second St,Austin,TX,78701,30.26496,-97.74719,,"(30.26496, -97.74719)"
Doug  Jacques,Vision,01/01/1994 12:00:00 AM,Acrylic On Canvas,City Municipal Building,124 W 8th St,Austin,TX,78701,30.270468,-97.742932,,"(30.270468, -97.742932)"
John  Fisher,Voyage to Soulsville (Sesquicentennial Mural),01/01/1986 12:00:00 AM,Acrylic Paint,George Washington Carver Branch Library,1161 Angelina St,Austin,TX,78702,30.26954,-97.724074,http://www.publicartarchive.org/work/voyage-soulsville-sesquicentennial-mur,"(30.26954, -97.724074)"
Judy  Jensen,Voyages,01/01/1999 12:00:00 AM,6 Mixed Media Reverse Paintings On Glass,Austin Bergstrom International Airport,3600 Presidential Blvd,Austin,TX,78719,30.20229,-97.66799,http://www.publicartarchive.org/work/voyages,"(30.20229, -97.66799)"
Tre  Arenz,Wall of Hands,01/01/1994 12:00:00 AM,Handmade Ceramic Tiles,St. Elmo Service Center,4411 Meinardus Dr,Austin,TX,78744,30.211988,-97.751525,http://www.publicartarchive.org/work/wall-hands,"(30.211988, -97.751525)"
Damian  Priour,Waller Creek Shelves,01/01/1996 12:00:00 AM,Blown Glass Vessels With Found Object Sculptures On Carved Limestone And Glass Shelves.,Austin Convention Center,500 E Cesar Chavez St,Austin,TX,78701,30.262322,-97.739818,http://www.publicartarchive.org/work/waller-creek-shelves,"(30.262322, -97.739818)"
"Chris Gannon,  Brockett Davidson,  Chadwick Wood",Wander,01/01/2017 12:00:00 AM,"Interactive Digital Media, Painted Steel",Central Library,710 W Cesar Chavez St.,Austin,TX,78701,30.266295,-97.751593,,"(30.266295, -97.751593)"
Alan  Knox,Water Tower Bike Rack,06/01/2014 12:00:00 AM,Painted Steel,Westenfield Pool,2000 Enfield Rd,Austin,TX,78703,30.286894,-97.764231,http://www.publicartarchive.org/work/water-tower-bike-rack,"(30.286894, -97.764231)"
Bethany  Cobb,We Regret to Inform You,01/01/2010 12:00:00 AM,"Cotton Sateen, Netting, Cotton Thread, Dressmakers Dummy",City Hall and Public Plaza,301 W Second St,Austin,TX,78701,30.26482,-97.74731,,"(30.26482, -97.74731)"
Claudia  Reese,Who  Lives Here? / Quien vive aqui?,01/01/2011 12:00:00 AM,Stoneware On Cement Board,E. Seventh Street Obelisco at Calles,E 7th and Calles,Austin,TX,78702,30.260586,-97.711636,http://www.publicartarchive.org/work/who-lives-here-%C2%BFquien-vive-aqui,"(30.260586, -97.711636)"
"George R. ""Bob""  Brooking",Willie Nunn,01/01/1991 12:00:00 AM,Bronze,PARD Main Offices,200 S Lamar Dr,Austin,TX,78704,30.265305,-97.760023,http://www.publicartarchive.org/work/willie-nunn,"(30.265305, -97.760023)"
Andrew  Ortiz,Worker,01/01/2000 12:00:00 AM,Archival Giclee Print,Health and Human Services Betty Dunkerley Campus,7201 Levander Loop,Austin,TX,78702,30.253828,-97.689018,http://www.publicartarchive.org/work/worker,"(30.253828, -97.689018)"
Belinda  Casey,X,01/01/1997 12:00:00 AM,Solarplate Etching,Learning and Research Center,2800 Spirit of Texas Dr,Austin,TX,78719,30.2116,-97.66992,http://www.publicartarchive.org/work/x,"(30.2116, -97.66992)"
James  Talbot,Your Essential Magnificence,01/01/2011 12:00:00 AM,"Ferro Cement, Ceramic Tile, Glass, Concrete, Found Objects",South Congress Avenue,2130 1/2 S Congress Ave.,Austin,TX,78704,30.241872,-97.752738,http://www.publicartarchive.org/work/your-essential-magnificence,"(30.241872, -97.752738)"
"Lars  Stanley,  Louis Jr  Herrera",Zilker Garden Main Entry Gate,01/01/1995 12:00:00 AM,Painted And Forged Mild Steel,Zilker Botanical Gardens,2220 Barton Springs Rd,Austin,TX,78746,30.268413,-97.772358,http://www.publicartarchive.org/work/zilker-gardens-main-entry-gate,"(30.268413, -97.772358)"
Vy Ngo,Blue,,"Oil, Acrylic On Canvas",City Hall and Public Plaza,301 W Second St,Austin,TX,78701,30.2649,-97.74681,,
Bob  Coffee,"""And He Was Sad""",03/01/2007 12:00:00 AM,"Bronze, On Stone Base (dims Are Sculpture Only)",Eastwoods Park,3001 Harris Park Ave,Austin,TX,78705,30.29051,-97.731772,http://www.publicartarchive.org/work/and-he-was-sad,"(30.29051, -97.731772)"
"Tre  Arenz, Jake Gilson",Untitled (Floor Mosaic),01/01/1994 12:00:00 AM,Granite Tiles,North Austin Police Substation,12425 Lamplight Village Ave,Austin,TX,78758,30.41433,-97.696194,http://www.publicartarchive.org/work/untitled-floor-mosaic,"(30.41433, -97.696194)"
Doug  Brown,The Unsung,01/01/2001 12:00:00 AM,Acrylic Paint,Kenneth Gardner Service Center,4108 Todd Ln,Austin,TX,78744,30.211902,-97.737986,http://www.publicartarchive.org/work/unsung,"(30.211902, -97.737986)"
